path,bytes,sha256
annotations/instances_test.json,11816,361f168cefe61b13fbc8d550114ae07c20bb65c91cdfd3a8a8a775d9b55c943b
annotations/instances_train.json,81631,b20fef61ded79abdd9b5160dfcc6ff74983bbe7eaf77913c2be73a6159307c19
annotations/instances_valid.json,23048,b2149e2a6407ddfbd2b45c515ba79ac815d3953a2a2d329f721c24c9ccc01558
data.yaml,161,1b7e56f67036f6f27e9dafa8b13048fd28fea4b89e0fa79463d6dc7d1242a0f3
images/test/_img_103_jpg.rf.ece2f0477b1a123805161024fffb2a09.jpg,29970,5347d6f7fcb23f0dfdf87466d390d38bd28495bb1f7da13c19328749863b2097
images/test/_img_104_jpg.rf.fedad8cbbe37bf1da22f45770265b956.jpg,41998,e641bda151d522d835993efa71984ddc0df914881a91e27d71f01dd7ccbe3b1d
images/test/_img_113_jpg.rf.15037a6b05996328225299421d3833a5.jpg,29634,cba84ac32aa19586f701d6d8328e62245a10ae0f405b71215c4ae43bc02f309d
images/test/_img_123_jpg.rf.cc7018a99038771b8a41f3f1b4c72f0c.jpg,23285,9bc85d9cfb0cea84cc6a59e93b0dda50d4bbcaee7ea11800cd7efb6ceed80cc1
images/test/_img_137_jpg.rf.1a7be940d2249f2de1df2538cc110c8b.jpg,34917,c91a15ee50e0dcb5deeec6e6e35143a75b65c2c64181ddc79ecc5cfe64280dbe
images/test/_img_162_jpg.rf.957a778526c5b7e9505f8e41dfdf166c.jpg,34372,0d1a39fd1012fa7279452df5c293174d36640430985611b1dbb60527d1e06a8e
images/test/_img_173_jpg.rf.274ed98f6aff584cad9742a7b5c3db50.jpg,27795,1756451ba119de479271c2b43afba7db6d0b21d3aa6bc034e2561656b657338b
images/test/_img_183_jpg.rf.b5a23621f6618fa954ea84eb6222e515.jpg,21318,ef5db32221ceaf0a0e666f76229aceb0b47cafb8779256777b566c8e0b316357
images/test/_img_188_jpg.rf.0450b18d680ef3284a58711fa0e04d80.jpg,24480,48bcf0b7d1e2ce03973333def6cf54a03e8ab431f82aa708ed41672e37252cd7
images/test/_img_192_jpg.rf.1ecd7cdce39d56234693592b554e65b2.jpg,30810,6d7e240b339b6d4450aee3b1caff02028a05f979a64706f501918b47ee7deea2
images/test/_img_196_jpg.rf.30520908ed3dee2df7bc67092820f991.jpg,29315,5e567904018a4e3efc79b0b7b683961af08b95eaf3d3d60d8ccd6c352853f474
images/test/_img_206_jpg.rf.6682750ffa64a66c8d8ae3701ee7efd3.jpg,29217,99ceb21cd555dc9e1f6338c5bf3a28a6c65f876c0aaeb8b73cc543e0ad0149e2
images/test/_img_20_jpg.rf.9441fa050a22b0f03b3b26cf6ee0a3b2.jpg,23381,88f37d04daaccfc293d9ec7c9648d435f0bf90af3f22945ef21096043bbf6165
images/test/_img_215_jpg.rf.317cbee12be691d42b19e07886e15de5.jpg,20469,84912127fe28457a29f17b8b6a0164d39b949701bae5ec1bf59d5b8ffaa00c60
images/test/_img_216_jpg.rf.d267339aa2200dcc72bc7e2b60a70612.jpg,27381,b5492188100eb436b9fa1d347ed267dc2162fc1bff05bff1725e2337218eac70
images/test/_img_234_jpg.rf.938b252b6ae39aad4fb1d40a3926e383.jpg,19913,ddc4325f990e941aca1e68ea5a2cd86b0bc4df7f6a96a3a5e5152994ca0089d2
images/test/_img_250_jpg.rf.235570aa7414b8e943ccc69a17924ce5.jpg,33388,09ff5186f3ae9870fd272218e3487fbc625ab576c93c33e05d648ac70c2f1b7e
images/test/_img_269_jpg.rf.f1ef8d00117bd80f835e53b3ba7fc3be.jpg,24123,5f2c4e0db7551b748764bda6c3c0e8a3de120ce57637344d1bf7d539e07c0e38
images/test/_img_353_jpg.rf.97b5ba3226369fd5b20358babca447e6.jpg,55043,f6596d6d9a3214f6723239763787dc09939e115196621420f04b95e3073cb81b
images/test/_img_357_jpg.rf.a4fc470e21bfd384290afb6f7cd3c88e.jpg,42704,943b5afd851c626292457b6adee3c951ac5db206c4b091c1b447e6d277a031b6
images/test/_img_367_jpg.rf.344d8069d77f2ce9235c55941a26fdc1.jpg,49676,55ed8986590c5996f9b7d981765271b5bdb8b0eea86703e9ed2c1442ce1d430e
images/test/_img_371_jpg.rf.35a6105279f506b559d524120ac7b538.jpg,43201,9530bf104a8bf81ad457a4fd61db22ba677431ab6ef11fc79cff4ab0fc34c6b2
images/test/_img_398_jpg.rf.c90c43668d1793e647eb130ab3d9cd4b.jpg,43748,b1960130f22428141a6a7e1db342c00ba7b81123eed9c946f497d2d0987871af
images/test/_img_451_jpg.rf.c1eb30c6b44b947c14ceaf5399d18c6d.jpg,43947,4d9bf7bea3990bad9f6a36fb2ba805b74fe4d065ade53ca9a7bcd4c325eeed89
images/test/_img_47_jpg.rf.1d94e6200c537e73db4e3a30a525016a.jpg,41850,adb5ae1f20ad65da18fb737e39b0e58c8e7a1cf589aa9e0da92083c399f59760
images/test/_img_482_jpg.rf.0be1e07879b0ebdfb88009373eab84a4.jpg,43921,729f2f186af2d785a80cf82a436e11459ab67e6a7fcd1d25d94fdb097d53e6fd
images/test/_img_483_jpg.rf.75230493a8d6fa749bd9d1b2a58d2b44.jpg,47301,d85b3ef684a70fadc165b19b4ac588f34685ccebc0bf2463c297ac18816c5495
images/test/_img_48_jpg.rf.c5ade7f33fd49144d76e29eb730cea72.jpg,41558,42a0f552ab419efc84a95914140fae6af9a12fc201f50634fcdb59498a4c0ef8
images/test/_img_505_jpg.rf.5695e11396e2492703ba34f3915b77bd.jpg,25389,82b0ce0bf3970b056d062725d06e2a33e323c14975d10fe2d92a97c637b30583
images/test/_img_508_jpg.rf.db8bfdfe42b3c42ed61c36c9a5e2c6bf.jpg,35990,cc539971f974c8e27b0ef473cdb9a932c1877e9461f7b68505ce869bd4fd2c13
images/test/_img_511_jpg.rf.845dd371d321636175cc7f68ed8ae770.jpg,43876,2b28b0e61b9e0eb5693456585cc59dc44a32ca08a4cc652a7ab42c75904fe43c
images/test/_img_512_jpg.rf.4f1aba9a7adfa8c677fa7afb2e5b37bc.jpg,42236,8f9f12ac8fa7185105b340d7d4bb207ed2cf17da97950974987b33504b43ccd4
images/test/_img_521_jpg.rf.3531d67a65d11e1e1196cdd157dfcf01.jpg,29776,bb46e08cb7c975aae44976982dd8006477bd7590043cac593504082a2399f609
images/test/_img_523_jpg.rf.7bde118ea7a55ba8f9eebd9411c09adf.jpg,45110,09227f81878241e5fa4ec631d108fd7b8881d8e3087196db3291b3e2f743d556
images/test/_img_566_jpg.rf.3e0aaaae0a520309889ed9b8a1e6d8e2.jpg,49619,1bb2de43d8efed88ebd67f74d25c0c758c1b88df5275e5ddd54c4edb645ccc27
images/test/_img_578_jpg.rf.4e4ba12752c56d8ff384468deeafb268.jpg,50593,3dcd8c0888e233f6fc1d0b1f76ea8676d1f7bb5c976844b8f2ec64c4f3464122
images/test/_img_584_jpg.rf.9d501f5ff6da92e20553ca49ee479e9e.jpg,48092,030a0062a441ebfb060619a7bbe6e9fd30ac576d60cd4b6578f17d3412a44338
images/test/_img_640_jpg.rf.5e51012546b8bfca0c3338b632404cb1.jpg,45661,0d4da5e4831e506139d6164337dff5f8835e3d186e508853b6143032521eb4f7
images/test/_img_645_jpg.rf.482011a2afb4322550165f4508069b38.jpg,47851,6bf2add0a658f8f6068a79f20192736334f7e3ce06436cee476a9bf2a9971653
images/test/_img_649_jpg.rf.cbf0f47b01e169bc3f07086df00c7a17.jpg,40300,a750c4dd7b071051ac52fc78efd65fe6bb739b8fed1b8b4477dbf284b9bcd170
images/test/_img_83_jpg.rf.85ef326f9fc02f8ac9f77e298926a426.jpg,25129,4688ff06f0c6575c3c7841f2780cd2251b7e59f1c6ca159da7c2b44f2c9e1307
images/test/_img_93_jpg.rf.d60e8cbf2c3c2479e3f6e822147f592b.jpg,28610,28a2b5864181d7bea10017b70802951b3ccd3fa959c9ab9a22d340c1847fc575
images/train/_img_0_jpg.rf.137f4c7bfa7f54defcfd82c9b41542fa.jpg,42044,da5bce92d164454ca5ed10f5dbd6b8e587407bab318efc43fc74445653c68f9d
images/train/_img_100_jpg.rf.44861a88fb31680e034b37bd811bdaa2.jpg,39160,30efb5fe6d0226c95d412c0c92214c219f087fface0bca90f5ab1962ffe5d428
images/train/_img_101_jpg.rf.dbac8e68a64080ddd978cfba33430d63.jpg,48944,d854619c3d034e7b14b6290365de5822d0a3bfbf46f982a3225b05d1ae876464
images/train/_img_105_jpg.rf.6d7b02c93173029623b2bcc7491063db.jpg,26009,6ba6b54e7bda4b6c3866e492a1e8bc03fb0fab30ea26466cafef0c017b6c75e2
images/train/_img_106_jpg.rf.b25898a4e91add064752320c6e4a8ef1.jpg,44561,c88f0946faec68064844a85bbcb0cf99cf795d28fed7173673d91d1204d366d6
images/train/_img_107_jpg.rf.5d10e206cbab8929b313ab2eb23c2ac9.jpg,33028,b1d050d10455b7da6526370237186eff937e30efbfa7a2ac290d9255847338f6
images/train/_img_108_jpg.rf.186d3cf7d8e97ef5803103694ee2d2cc.jpg,35673,8dc1b7659804a0494e04e87fa810a3e6845ce9952cf16d9bcb473c69774489ba
images/train/_img_109_jpg.rf.ae5eae1f91ddc0721b106e06bfdc299b.jpg,42755,b205dd4237d56b0f7c4e570fd4bd3d04d62f7ff28418899973eda4508068975e
images/train/_img_110_jpg.rf.b13b15e299c739dcedd15bcc8b22a2f6.jpg,24114,58145fea19af1544dd8afa4309ea99d90ba2e2bd34e7fdaa8938fc6516c59905
images/train/_img_111_jpg.rf.d33fd7fd7c66d0505d1746bb84d6de22.jpg,23962,e7642acc963460b554bb3ae1bead8dd4ac7ca8135f343c5d276128a3eaedcd18
images/train/_img_112_jpg.rf.c641c64c2d124472056fccb096b55f8e.jpg,24863,5299232cfc42ea673355a669545d2c549459562dec6bd59d09d085511ffc8871
images/train/_img_114_jpg.rf.53504ddecf0b3b65a2d2aaaa2311c797.jpg,25370,1f8605b03562954b6f02e7c68b0354ecd74b3de620e11dac54f9d58e6c136c8e
images/train/_img_115_jpg.rf.31ca876d2b097ff51c1002a34a1ced01.jpg,41004,f43e7466ae3833440f5bda805653439deb44a978d74a5261699ab89838c3975c
images/train/_img_117_jpg.rf.056d664de6c615443a0458b934fd4b39.jpg,38833,a9662c7268d3f589e1bf8207b93a32e869dcbfaaf7164e1e34cb51dbc6609322
images/train/_img_118_jpg.rf.aebfe2a3ddc075e50a70d5dc99b97134.jpg,24584,2e5a0eaa8feb3af32a3114f5c09883911c72c10def1dea3129e79fd800ea2935
images/train/_img_120_jpg.rf.e1f611614c84c0eb7a904aeaa8a7f6ab.jpg,40549,cb8cefd0ad1d405da0e08d047740faad346636f92e32ef1d0ca6842dd03f398c
images/train/_img_121_jpg.rf.fff41755af869d717a9c3a5d9d452b49.jpg,37295,030d926e2af1fa050b5c6706a1bede06951b39c206248c64e1cb4323b75df902
images/train/_img_122_jpg.rf.37428ec81cec5f114f153c1cf2b626df.jpg,21559,8f6e9dd3d700a97ad9246d10d631fd91ba0f8d16aa47da81a399ce927c972375
images/train/_img_125_jpg.rf.91ef810e65edb2bf798a344b61d4b531.jpg,17969,a8d2922dbac3563aa92798fb254ee0eaf3acc7ad839568b5afc27f81688192a7
images/train/_img_126_jpg.rf.5360159c2a64290073f84c5da64db088.jpg,22657,9dff882ed37bfc8ad57eaa1fe1aad37d2e83cbc541dbb0e94f066b175b3a0273
images/train/_img_127_jpg.rf.393df416cf94d3053d88d1deb10f78dd.jpg,25835,11e1c849457dec9a56097dd9bd158b01ee84fe0063b536cd04d5d742cb25ac3d
images/train/_img_128_jpg.rf.b69e327a3bce958bd083850a4128dfce.jpg,23617,d384e53da0580b040db866febbdda8c6e09c89c876d69771c9ba972cfdc1aa79
images/train/_img_129_jpg.rf.6251b04651ccc5c3d7731e60e667d9c5.jpg,23095,97bd0785f146140416f82ee64d14ad39ea09fe28619b2f654cf4e6601a3554b4
images/train/_img_130_jpg.rf.275e5474c4936b3837fb5f544c251fc4.jpg,14426,53223d433b225ea0249c8ffb4a4fa4a9267e6c2ab36b28a887baaae9fcf45afe
images/train/_img_132_jpg.rf.6bafaf168bac179380f0e5cfc9c3749a.jpg,18094,a4b07b8d6608a662420dd60fc460d99efebb9056339f65bab6f5656758d367d5
images/train/_img_133_jpg.rf.28bbf07c96cb474c80451b670af81a21.jpg,19101,232330b331bdad8c4eccb46bf481f04c900c4d1a5ca53eaf286d851edbd559ab
images/train/_img_134_jpg.rf.4e566a3403ede9800f099beb821efd2a.jpg,17536,99310278aac334ee13fcc24d1b94af922029cd8e70e34f0f805c1b9c36fd0889
images/train/_img_136_jpg.rf.77353cfe67cc1a40f3f2a9b60d797b7b.jpg,35081,61401c533c2c88c8aaaf7d5fe47c0aec13101c32d5557efe5ed09ebc36d2c70c
images/train/_img_139_jpg.rf.a1f11d6abda10c4a707a8d6cf0afb12f.jpg,27357,5217e0df90265a135e1f245806f2f11f128d40400aa0cc6d659576c761bb4491
images/train/_img_140_jpg.rf.164908d60e23ad73ca0ffda83f76636d.jpg,20542,fb797055a67730d6ad4983a13f63eba4d705f3f39a6b3c3ed2f27b948ce2e3f0
images/train/_img_143_jpg.rf.72aec7af42c5dd655c95efff7631d657.jpg,34935,8fb0993195a07458ba76183c3e3ab5123c73e1e903fa3f89c2bb8126d90ddfb6
images/train/_img_144_jpg.rf.bfe91bba68dddcf422d309b28987d4bb.jpg,26732,d8eb6dfed1591644b99d2550520f6985f697f4275ba7879464b6f92390b2c110
images/train/_img_145_jpg.rf.9f67553e3060466a8647e23a12373103.jpg,19984,91e116e443d956910b48bbeb6cc6af146b64a9ca677f50614b7e72f5ac7955a9
images/train/_img_146_jpg.rf.91ec566d3e77056a7a9be5fa849b5364.jpg,18983,44905414c77dc9faadba40c13399c63729381816f20f15e7e270e2bb8e550449
images/train/_img_148_jpg.rf.5a7a05286ad80e452758128da07ec4da.jpg,27604,8f6b59f276272c241c78d91c114347da18eaa7688da3943fdd4a02348fb25a31
images/train/_img_149_jpg.rf.3a3eb17b23c48150e0be5ab68d2cd1aa.jpg,26940,95c4b96572c7cae6b9836e1214e3da0631b144cd68d57be8a1788def4d10ec86
images/train/_img_150_jpg.rf.1a80e249fb6e2a61015923040a6b187e.jpg,22702,cee0bd4cc77a04c7d540a08f30e0a75e71597019e96334746f7b6eca3aff8a95
images/train/_img_151_jpg.rf.da6769bc1b6f021de3a67649820de1d0.jpg,20706,e7f9ab50931df1d17d6c8a6b264d98bc7013d309470c40f8260da391cb2bf32c
images/train/_img_154_jpg.rf.53bb02f68da44122feb8d8b27e2122c7.jpg,21281,d2520f2d03a71fbd43c54a1c212a048cf19afda911cca6ca4f9ea103efbc0fb9
images/train/_img_155_jpg.rf.372e3d52310de7e9a0a8f7a7457ae7e8.jpg,26625,dea10ed5623936ef9e12f82c74ac3bfd6e08c992a0c56d692f5ac5b8c15f1420
images/train/_img_156_jpg.rf.243810af2b5cbc0d5e2591bc7df418a7.jpg,30764,420dcc31064e81502524a2cebd58c536b416e24a1e9fb6ed0b729a971bb0c4c0
images/train/_img_158_jpg.rf.7a84c6eb665f039ec03195e4ff5a1109.jpg,23292,daf8b4b98d5b8b85c849ea9ccc5bc06ace0dc1a15e77383bd82be9514670ee07
images/train/_img_159_jpg.rf.fa3cc8556852e0de0be982c8b279ebf8.jpg,40519,c08ac57f215354102a086fbb91965ffd88c6e2bc65e86ef35381eda61f3d88e4
images/train/_img_160_jpg.rf.100ea075a14e365f45257f2e265c6c1e.jpg,27024,dd7bafa93a134094951621f41ee4e9842bb72400e4f70dabc1c64a466ec25c3f
images/train/_img_161_jpg.rf.50bb80761c1c259bad9d18042e29d676.jpg,28999,4bbcad46ec2f4c64189d707b08ad8e9e185efb04adc8a6b33d06d3269e14527b
images/train/_img_165_jpg.rf.e28b64ea2a2651b949f10344f6aae131.jpg,18440,7838857cfad82e23b5a6c30c8fa59ceac7c999d8e000f0de0b9d26455b551efa
images/train/_img_166_jpg.rf.d5be7d5005c0af7e1084651c53e1be71.jpg,22401,ec0f294d5a543b3ee70614cbedafe3b08bd29111291aa81ab014549c1185a3cf
images/train/_img_167_jpg.rf.49093bcf74842c9a0fc6eadfe81ebf80.jpg,25879,104fc293cf105b2a6b0d230c9ea472b0b1cb39e15da8eb614266dc6d84f30348
images/train/_img_168_jpg.rf.bf91df09af913e79ed3696c0126339ac.jpg,23581,ca13d06525b02b9daf6b6fbb75c1f40fdda8a275a3d6a7c9068a0750a72628b1
images/train/_img_169_jpg.rf.4eda05db0726dc6756ad6f18b7d92f5a.jpg,29961,9cd56fb6c51867e06b5e3c015a1ebf056317e6bdf37ff4519a821ca3692c78ff
images/train/_img_170_jpg.rf.7e9f65bc6744bf2390335daeda8d8ccd.jpg,30902,62191e3fb57e18e8edb2f6b25f40f889508e7421e4ef066185a743c1b2b5f75f
images/train/_img_174_jpg.rf.36fcabea81dfba8b16b52220b3002c5c.jpg,24573,3803b6dee9f70f7dc81e14bf537192b08ec83a182721e4a1fe17ff9fb3245432
images/train/_img_175_jpg.rf.a95f4f82aa8a8bafc200b9f428f7a0d7.jpg,22029,f799dbf92f6566cb415b7e32161c69a18b4233975e9d5026e7ce0936e090f233
images/train/_img_176_jpg.rf.fc9c784037f81a15b91271fb74f10b3e.jpg,31122,a90bdcbfff2619589361c91fe380f3a3106477f2c55c295843d22f48d477cebe
images/train/_img_177_jpg.rf.664e6ec845b6edb64486b4ea69c2823b.jpg,27742,7bf688ebae60de9616c87a624ff47f2c546ce2858c19004972616f393f0868ff
images/train/_img_178_jpg.rf.7bb980522a6ad3ab136fa64f38dd5f86.jpg,20433,5f514e062b3106ffbf89351138e662d2b0e310ecff731732978cb549bcca1881
images/train/_img_180_jpg.rf.7778add79399fc020b143d99bc4941b9.jpg,22079,8a64fefad3806e363cf0956da12b9ff905e64b9bc48c5807755fa2116693f451
images/train/_img_184_jpg.rf.0f5fd327e6bf5896e4a525a60a535bb1.jpg,32734,b588c6a5bbc8061ed7649c898a7f9200b7dfee75ca78ca74144f1582dcc8e47c
images/train/_img_185_jpg.rf.4e26beb9d2d9272ffff7be646021b323.jpg,39374,5b735db41df812ab3b44896a177a3acb4642b5cb1f27830d2cd45ae39f4faa55
images/train/_img_186_jpg.rf.0bbf1a2166983eefafc5cbc62f277349.jpg,34320,09affcf574af710bf3d541e651ad358a073f15a8cd02061cd01d1dec930eb5de
images/train/_img_187_jpg.rf.f6557e82773e881f11a87245b1ed60ed.jpg,24836,5b4f49992132917b5b7c1b91ba1762b7d1dd46fb45677f65fc706c78c8e6c8bc
images/train/_img_190_jpg.rf.2bbe1404237d51f17c85d726f96ddcd0.jpg,40123,d0347e9f305509544d6cb06328f1d751f464ad9622b9f5f1458d394cf065db49
images/train/_img_191_jpg.rf.2341846b75cfdacd622d174217746998.jpg,36902,0cf40c6aa883b6f8c888a0a6bda8e64a43e1378e4663575eb952d2648451c707
images/train/_img_194_jpg.rf.8d25d5c7a2f0f09db3a944e100c7da11.jpg,33333,218aa5c1b287013093c029358455884820edb57e8ba3fdd5dd00f8a509c0dc7d
images/train/_img_195_jpg.rf.48de9e257786f1220ebd1763cb3a82f1.jpg,37022,fcb9f3adac64aaa90cc56463461777f332daa7777fe7723ba0df525eb1cb379a
images/train/_img_197_jpg.rf.7ffc1d6f4897fc4ea96ff6c294082b25.jpg,18419,d81de670cee0e7d28e0ddb942a1fd9a8bf4e3e1c0af318f8f138de7eeab9099f
images/train/_img_201_jpg.rf.47fa2a7faf50d80bc7500e19830827ea.jpg,27773,31994a03cffbb79c356dd8c2373066d1f20fee2ccf0dc28838de0601e307e240
images/train/_img_218_jpg.rf.edc71a690928dd1a9519c19d24efbfbd.jpg,25835,b6be1f6ad6830d8b4812d72fc9767f90394e3a55f3ff091baaad6e1351d2acd6
images/train/_img_219_jpg.rf.a72e56817ca771b588449788b309c6ee.jpg,28760,34815ba1ecf39d848699c316f061d60c6a75a9d2f464a78b26d1b4356b11aa42
images/train/_img_220_jpg.rf.e0d002b1d93ac5fa1e78a98510a264a6.jpg,34010,c7597a695a2eda39b446fa6d81e1035733d130d00df82e0d59552c3867eca75d
images/train/_img_221_jpg.rf.0cedcdb7c905ea7d46b0fac49cd102c3.jpg,36302,abe3e1abda8e14a7cb7ecf48d1cfdd7d019f21624534b02f7b6d5c9c3edc14fd
images/train/_img_222_jpg.rf.882b717923601425ae0658d90de2ebe4.jpg,43392,0e5aa12d8449ab64539a683f069f00e523a356efa21dd97676f1498f61cd7858
images/train/_img_224_jpg.rf.867674381395674e61a128265a8c1c01.jpg,42367,4bb7a05e9ac50d1c2a4f74ae2cf6facb7ed9f614bd2beabb671553eb77fa0d6a
images/train/_img_226_jpg.rf.3b852058bbea72599563230fd9ca9cb9.jpg,19942,635d58db3c16d3c21aabab7210d4e686b466db6636ff7a81bf0b50418f19cd54
images/train/_img_227_jpg.rf.8710c68bedc0db153caeec9abda71c38.jpg,18384,da4b7f8e07fa288a3cc77b294fd14e816f36ad79ea8c292de00bfc753e4ba0ec
images/train/_img_228_jpg.rf.6dcf20d140849b874779175be1de7f89.jpg,20562,ee35626fff5e5b29af02dba41670fb26b08b63754367f3d3c48322ab1dc73fe4
images/train/_img_229_jpg.rf.3e178f69880084e556a9d5534beb7be0.jpg,33839,7c5e353302b32c9024b0375c9a2e62862d5826dfdb5aca35048825c825095908
images/train/_img_22_jpg.rf.55e3b76b210eaf57d2fa02c7ad57015d.jpg,36644,88ae9bf3f63bbd5f44155179241906327da16687746385851e8b27b387dbae79
images/train/_img_231_jpg.rf.d993690a83d768a9e0124cea6bdbbf2b.jpg,32045,68494e07fc099fa932e2396ffa289e3ca2a3317195ed0af0545d3a3fb992bbaa
images/train/_img_232_jpg.rf.3438df8b6a5a95295613e0f82601120b.jpg,22797,632b2f065ca1f16b17c79dab307e7e79ef24bb0c645a542cfaf3688e9a24c76c
images/train/_img_243_jpg.rf.9ebdc2a8ba7b81d9b99a822b365acd58.jpg,23629,b1c731bf5cbe71ad8fcd35e07eeb8a61fbc26d4c06d8f7ae622a099bbf5efaf0
images/train/_img_248_jpg.rf.fc3ec04a64e2b8f1e5568d8e5e26e51c.jpg,37466,8eadfe4ac54036be6f11b562ccaa63c441c4581cb826e1827b314db5d1e5bf82
images/train/_img_249_jpg.rf.d21e6d1ab9565c4bbf99c5d68fad202f.jpg,27191,a5aca1bcea38e370b6578b25baa50c2d1b09d48f3374b2a0591370455a7af739
images/train/_img_252_jpg.rf.6f04fae658effcc3e67aba88861b3871.jpg,40863,a96b017f3271b73bc78d942d177a6f832ce8bf7f6a612a68e4a9eabd3a8eea84
images/train/_img_253_jpg.rf.8da939b14132feed2eafd3c18eacb452.jpg,47395,a4c193e8c4fb34ad89e71c169b0e6341d10d61b848c34f36fcd1312b855b57e5
images/train/_img_254_jpg.rf.55c6385602333aae6a783bcef6826e46.jpg,39127,883ecc144b925414cead700a8c54ade7c40fe4afd7956bcc8114d434c951f1de
images/train/_img_25_jpg.rf.0fbfaabbe8c7578a1f5e8e867fc932ca.jpg,22021,cacf2a266559da2cf545a30b2b37e5bbfc95c505178e45ccb526c7d8df2729a4
images/train/_img_262_jpg.rf.decb82750a1e3fd33a1314c4021e6ec0.jpg,49998,193829730bd6950f353837b818301cbeedaf429a8e31f7cb99632d70e47ca919
images/train/_img_267_jpg.rf.fb064976c3768a6d00bfce35fcf70ca9.jpg,22094,dc1975b1c86fee201d2900082222143cf617de6755bcda054c3293f8098f9fc9
images/train/_img_26_jpg.rf.205ed9326b761d2e34d1cd3b405c5f78.jpg,22262,6ba094d1d868d08d828fd7b7e9f7546cdf51e9f8634ab9ff727862dbbcd3662a
images/train/_img_270_jpg.rf.6bc4c8d226339907b4793ef8323176c8.jpg,39656,6fdb1acbdf3d6b5cb769b2d2fa79e314e699263803ceca03cc84427c2cc06099
images/train/_img_271_jpg.rf.e8fff20013f901855437e20aea339dea.jpg,42739,d70386deb0c04f49f36027bba9872bb2b8dd5e2b01e22db401962ea23bdf1bd0
images/train/_img_273_jpg.rf.b270db9c3f203d4a49cdb25d51fdc63d.jpg,35358,3e4211c9a71b81920e80ec2f4f212fb5399ec15d40b5d9ef300f45dcf510cf7a
images/train/_img_274_jpg.rf.9078935899ec62849af95c3cdda6c0c8.jpg,39911,35f9e16a74425ebf897e18474e88a48fcdb0d0649760dbf96d486e642edfa642
images/train/_img_275_jpg.rf.57bbc6e47cdd507129c4860fe860c62d.jpg,43261,635182ea467aa2dfcfb85872936ac40336fbac83501f33064b6619fe938a5756
images/train/_img_276_jpg.rf.24c8b367777cb1108f0f732418f3944e.jpg,26966,d726ff93d682a65eb83686fd41613c2b01823b2bf4c81930973d4024e88a6572
images/train/_img_277_jpg.rf.53c0d633ff8a25c0b402e654fafcd386.jpg,23194,d5a9bcf4dc1976fb3824290aca5a7e3b1b8e15b635f8936e581108d23af5abff
images/train/_img_278_jpg.rf.aa59d9fa0832f68bdaa4902008763113.jpg,46152,f2a1386c9173998a91684f4b7cbf09343c67997678f24537de77842b1c65da79
images/train/_img_279_jpg.rf.46bfea91ca6930ef8e3318e722fa663d.jpg,25798,103771fcaf3764a031eeb7431ce44a2ed5b643e7dee294bf26470911441595a0
images/train/_img_283_jpg.rf.d7c8de3c8938728b11f992c89a7db81e.jpg,23373,a1982a3239b2d17e0fd2b11496d767b886cbd836b749aec83f5c5da68546e1f1
images/train/_img_284_jpg.rf.d1bd8b3b0eb126a074004e4c0fc6e90f.jpg,23730,63d0560b0d051652c940bd6c97fd31cdc7a785aade382726b24a0cfdacb3cc4a
images/train/_img_28_jpg.rf.b475b1202fbe1887bc92f8b9b365116c.jpg,27422,26fda6263b3f9630c5e76d25f98d7d86816246ce6e599ab42962da0af98468b0
images/train/_img_314_jpg.rf.52849c82f5b9545d4d3cfd278f7219cf.jpg,41983,e274d6f294d9f70d272ffa9f5c7ee2fe7d7bc48796ebdffccc3cc9aec4bb55de
images/train/_img_315_jpg.rf.300022ccc4ed07912d69fa9dbb8de845.jpg,42322,fc2d5bda950a74114a6b341f9b3f71d248b554cb04dfdc8c7fbd25f2fd13e29a
images/train/_img_317_jpg.rf.610bbf01036400def59f327021a48d90.jpg,33464,2578b80ba5fb2bd2f3a0aa174551b281a9f976733606367fc777692f59e82f29
images/train/_img_318_jpg.rf.05593bbfa09ad857b502c56fbeb34b80.jpg,38879,fab383808fe0ec7e9ebf78eeb82b0f1b0a3553fae74c857092fc87ab6a406050
images/train/_img_319_jpg.rf.d864990a01ae7ec07e9704d45f4edbd8.jpg,41019,b112aa2a57e40fbe63bffaa9cad49541ea4ad9771cd1badfb0911406537a5ed4
images/train/_img_31_jpg.rf.cf7925669e4532ec64a1c1ecd225d761.jpg,24590,ea642e0fe61131962dde5a807112bcf91a3e425db6f88e30d308fd6e45ae3846
images/train/_img_320_jpg.rf.4258fae0eb96d43424e60583b4eb2d77.jpg,40954,29a163bbcc89513682e233e74fbbcd5860445fc1e95c21370fb4250dc6811e51
images/train/_img_322_jpg.rf.abe5ac5d107149f6bda2a0ba37a2e795.jpg,25712,04d8a98eafc7bd5128e9119226e071a603730dad35a0e01fe2751d0c39d7c6d1
images/train/_img_323_jpg.rf.1cdc9afe09de201f85dc13a50c4f0592.jpg,39372,fed258c8952b929f441c26ba1a1998494f689dd970e2f1ab9ad18ec9d8d0dc5e
images/train/_img_324_jpg.rf.9e5420da449bdf3ab71b3f1e6320b253.jpg,43851,71c2cf27cac98885e17053a1bc7a324ed786f8892d5501cc7a5da3322bd18372
images/train/_img_325_jpg.rf.a026a5bd656bdc8d7ff71c7081099b63.jpg,22903,ad6732db678057baf4691e81ca01815a3869fb08ec91cf39098e308eaf2d4057
images/train/_img_326_jpg.rf.660bc2a17c78a2d49b65596daf6717d9.jpg,21599,7c38b9f460ed077eb65dc3c308e4cb438697e3e9b5e32acf9c8a1e229884c7ee
images/train/_img_328_jpg.rf.cdecad6a21c8fc6162e019db8f7f7e35.jpg,27980,1574dd8415037e3c5d5076054a7e44da5ababdd73ab73c87e032cc13df537451
images/train/_img_32_jpg.rf.b2a0fda08fdb17995f5a247300d3833b.jpg,23642,2f33c2cdb86dc19ddc9e5823941a13fb70aa32dbe6ee69fd6d7663c92510d57e
images/train/_img_33_jpg.rf.63c3ce99e63b6b014e3bb159472ef968.jpg,23358,3517dfda1126a588ad150cc8b75a0e5bb869a244e096ddc4dda01049793738f4
images/train/_img_346_jpg.rf.f71b66cb77508ba9650a2924d0128dac.jpg,23352,fe3f4743e6c768d965db87e24558844ad597a2dc5cc85354501830323a10ebb0
images/train/_img_347_jpg.rf.b1f0f092cd3a951b8974f88aae853bb2.jpg,23360,cfdaac3394b2b8cda18b838d2ce44281fd4cb9ba0deeadf029d33bd1836211d2
images/train/_img_351_jpg.rf.9f7507559c25ca26d46c12e6d985ab2f.jpg,46119,7cd66644c413e3a30c065a50d708ea30217ac3a0fa2d680f85eaef0f087a92cf
images/train/_img_352_jpg.rf.89482d50b6f80c80e96ca9218af14d14.jpg,55381,abb946186c18a531b484c3779704264dc471b82f56e103df566538761aa2dc30
images/train/_img_354_jpg.rf.a7d7901deead32d6d012531e195672eb.jpg,52243,1bb552f4c9b7b5b3a8c8ed1466024cedaacd7dd0874ea6eb940d699a39062321
images/train/_img_355_jpg.rf.045b641d7b63b4953c11aa23e882a468.jpg,48003,f9234b3c3c2b94959b53186797d29c9456c7b5d978365441444388b652d88a11
images/train/_img_356_jpg.rf.64abe3fa33c2687cfaef92deb5fb2ac0.jpg,49128,96a33d86317f3d91a0ddf30400330a7a3e2e73f0a759c12b5f1b058ec21316f1
images/train/_img_359_jpg.rf.70061e98c2811f5d826cc483732e0ee1.jpg,54835,e893255dd43bcfae23306bd68624fef01a532f26e94460f2da4111a990d7b075
images/train/_img_360_jpg.rf.3d07d26f1974a97e86c6a8bb1af99c2d.jpg,51519,0f48befdad69ffe1b826fcfd8322e22686149125fa3f5ab80dba4bea1d5dbd9c
images/train/_img_361_jpg.rf.f6f132f18dee20273560ed3bd266692e.jpg,53184,fb30931bfba59882c8e9b8b5ca423db54920e96b8a1d882c6bafe5d1cc126d16
images/train/_img_362_jpg.rf.e49405297265f540f8e232e937458f39.jpg,55777,203f5863cf0fb74e2a0d29bf772debac0bc8e2365318e6d99aed7efb863369fc
images/train/_img_363_jpg.rf.bb81ad0508a2deddec434f1a052b5cae.jpg,56176,a15dfdce30cb7d7f69f29e02d15f67d135812b6a3612f3f4aa42a288729d1fa3
images/train/_img_364_jpg.rf.c1116e44acb1a18cd559fe946f111b5a.jpg,55107,cbb9ae2658285770f09b4b2c3c4fe4dcff86821bb5ad4b5018a570dd74201792
images/train/_img_365_jpg.rf.c74ebe37e98a1f55b0681c469ac34b2c.jpg,52124,309e8d023fdc4635735a1f8b3101f7022b0a58edf21d2418cdbf130fc5b6c77e
images/train/_img_366_jpg.rf.89f8bf0b10bc703e6e8e9f24d4575fb5.jpg,54504,c62fdfe402f77bbf0d3c941f1d921941aa4f7988b43efaf7dea239988cf01f7f
images/train/_img_369_jpg.rf.66f899af4fc825281ec0ed9c2f703e0e.jpg,50861,5dce8b6d2dfa0a34e31df4f61cc0a4bb695c0de76486a7a5324b17a5d4089330
images/train/_img_370_jpg.rf.b8710a10e5c25780509d27da9f926757.jpg,40691,e9cdd9c548767d161abe7e3c9bda57844c634a29918ff00fb59f976cfc9a777f
images/train/_img_372_jpg.rf.2ec6d024de5119378cd38845bb044c6b.jpg,49046,42b27e887ad7a8dc4500595f8d87dd02e31c64815393c83d4eed156a888442e2
images/train/_img_378_jpg.rf.c7e3a5aa2b37e1c99e73d424de513b89.jpg,23518,5318a46fc046e3c84e518288be52a8d62e2b6c207d8ec06e63fd5f03c1ecd0af
images/train/_img_388_jpg.rf.1bf8d5a0ba1fd40c9e223e8b589af283.jpg,23189,202b02c70561bb599b1ab2906317c1b2ee1592572479a3d30526205dfb368663
images/train/_img_389_jpg.rf.dfd0376c3e2bc8eb51d8f3d7a6676975.jpg,26914,ad4ce20cd9c78feb23fd13f4c8eb81c8a237643be312b7003a5dd1864396096a
images/train/_img_38_jpg.rf.b06c6bc7c003a14c4068cab45b2f5e65.jpg,40580,dddd1a90580df8ff6cc00e5ce465f4d2e4c1263bf48224308a97788754aac5e9
images/train/_img_390_jpg.rf.6464a7350a7b15ad783edee9efdebd9e.jpg,41878,0b5412f52ce760d93c1abfdc3d673872e630261446c38d9af00f2fad307724c4
images/train/_img_391_jpg.rf.2aa09a45d30b7ce458a5525745a0add6.jpg,37673,183c9a152d2202f1f120cd6797859ee43b08447900f6fda273a3b241817aebe0
images/train/_img_393_jpg.rf.cffa26e8df9d8ea960a5d17f86c17205.jpg,36748,15987a714da0f12834abd24f5fc72829434b6d4d1032743ab386f741b7dc717b
images/train/_img_394_jpg.rf.b8585847b0ac9746bcf5bf8ca0dd062b.jpg,30861,691d02327639c50132f6b1121b22f8d8fd1079113d46c359cfc41063ca4a8474
images/train/_img_395_jpg.rf.83e7e389e4e13deda8cc68d850d99ec6.jpg,33973,51063d45d1f0dd71e0b0f743862dda9ca0281a532b9a6ee5575103cb783fd68d
images/train/_img_396_jpg.rf.86981f4a3a4661fd88fc4d3f061b6d7e.jpg,32847,cf0e7e52c0d78637efa79c9e43da99a4f64f3349c95fb9db9bee8fb20c5700a1
images/train/_img_39_jpg.rf.3e16d59da2bb87777c721068f3d6dab7.jpg,39107,025eec6927712c729813a385b5a24ed1bb856a53628289e3be6a3af2ed3a8290
images/train/_img_400_jpg.rf.9d8c21620dc6e59f7059f30f81c71c31.jpg,49168,0f02e5e04eaa4487b37a5247b208599f204117211c863cec3c406157dee5cbb6
images/train/_img_401_jpg.rf.1ac27676d41effc93db26f99bb6c7d0f.jpg,48822,be0897ad49f1b8453609312b914c388a920855e6ea51eb63a095bb6b50388075
images/train/_img_404_jpg.rf.91b86a6857344da2d86aacf92db9fdb6.jpg,44201,12db92b9037ca6c04740fa352384a2cd8a6effc18db0a0ad50e533250306c4a6
images/train/_img_405_jpg.rf.4798c61d774f14057ccad5e42801551a.jpg,45427,b87229ac7718babf484ef8178d3348cde32e919261f0c8e433971da664b6e005
images/train/_img_406_jpg.rf.9e82a70e49f071f6dd3cb8f5bb4b9fed.jpg,41351,619702f0598dea1b26b0d6e8a0c2938666ba1c528192ccb874227ff53195c435
images/train/_img_408_jpg.rf.d69472d11d03af50fa5cbedb669f50ca.jpg,36699,04468638219bf4f075158eae2a553b70dbed8e98bb4dc113f78479e0569f9ac7
images/train/_img_40_jpg.rf.d6156c6358f05fa3245e85f52570b2fa.jpg,42501,f8a19d60c048265f84e71605244e4660dc702ba261c5a5dc2a64b19ee638f51a
images/train/_img_410_jpg.rf.2d2a8ba5b61794bfb8f8ea455d77f512.jpg,38658,d94406f494c8f8752c95ab636459c747081d362b35d15f3b78c880b3e5c882bc
images/train/_img_411_jpg.rf.70cf1564fde1ac8d60e6f02b73f195ed.jpg,29676,2ae754d3262ecf97a2a67a0650cac791fa31136021d199649686b04ca68ec62b
images/train/_img_418_jpg.rf.ddd82e997aad64bae4bb0c427681ee66.jpg,45074,bc111b6d6cc0c6495382fda4c4e002e325bf3329234de4678830d1e0df179b33
images/train/_img_419_jpg.rf.4a76447908be0d29360d3b47ffd36bc0.jpg,44385,313ff6563ac03ba638655a220c87b38de596c6acb85f130fb1b38353a4eaa5ee
images/train/_img_428_jpg.rf.cb31b04f89d15f252a0e29d87e24af1f.jpg,22307,6bf2f5fc0e1389a84f6765c2af2e581bb2f4c3ef5f397f63af44c00a8f22f56c
images/train/_img_429_jpg.rf.9179fc82101098cbf248a9f745c85449.jpg,41673,a3e956e53d9bfa7520ba98bf0d4aa9bbbc60c82e7b6386e6301a21c4bf608719
images/train/_img_430_jpg.rf.1b1c6757d3fe9d85f14105e1caa98a8f.jpg,46069,09882021d7390d78fac0cb11942337ff324bcb752682c831ac87bf0633bd6c49
images/train/_img_431_jpg.rf.0dd7de5c6266f60b134607c5bf5b5851.jpg,24217,fef57040347dae43aaf3f466189d7ce6bec134d62bd7f241552eb303a9254cfb
images/train/_img_432_jpg.rf.5f9b884ff5f2c5f73983a9910c10e627.jpg,22861,fb6d02ee5ee69c15141c38783773702acb33e8342dbb6f2164eb65a9607f677f
images/train/_img_433_jpg.rf.13c260ee3b06f62a3eb8d7c2c20aa6de.jpg,28174,df3a2158315504218929cb4ad10d90909f878f1555f8888d4b312dacc891a4f3
images/train/_img_434_jpg.rf.4c2406488161e33565aba15bf6cf8547.jpg,31680,f516ccbe61e6c339488a7916265a7c57f68eb5da2eeb50a06353eec5f4ee79d6
images/train/_img_435_jpg.rf.dcbc8923e8c2b9187ad87c4580251bcb.jpg,33359,2933927eae9d8a3d160f452d4684bc02c5e649dedbfa8bf98f0987f2224f558b
images/train/_img_436_jpg.rf.b464877e5accab0fe07a10dac7403632.jpg,22450,e5b2f4151fec229b1408f1ba12a7448d680433bc6bd6e6db4ccc6a904f09d38a
images/train/_img_440_jpg.rf.32f96d93a92b187969150ce21687b0ed.jpg,41255,7779e00159ad2332a48d0dc05a05b2f5107f73f6431f0affada1959c0a65f4d3
images/train/_img_441_jpg.rf.087defa5fcde4a054f4c3397853b8788.jpg,44378,bd0e2356d8698f9461bb885f6a89ccb676c11cf8256cef1c364345a67aabca2a
images/train/_img_442_jpg.rf.8fa4caf8108d634b9d79ca8639e35e78.jpg,43425,66bd949c5eb7a82f5daf9f29cfb0414a9db14c16339f43279af4905eba75f472
images/train/_img_450_jpg.rf.dfe818d41e325836be081b774ce28262.jpg,42103,c0988c55177a83296ef63529d2c3d6ab2dfec30fa0dd063ef9ab7954fe3f353b
images/train/_img_454_jpg.rf.c0cd1dbc8f2e277948d82114c895dcb4.jpg,41925,667af2d95d7dadabcc6f6d1844fbf6f2c2b1e941371099ad57eb6d3bc6301299
images/train/_img_455_jpg.rf.49c55be6a62bcc86c44edfda30c240b9.jpg,39430,efa7945ce0bbb85cf34caffefe6bde57e7de7ffe6c94f99c6c6e564989bae242
images/train/_img_456_jpg.rf.fcc61a2d20269b6f0aa36c532e322dde.jpg,35825,65aee013cebf7fddd3d4620b3dc71e37d3f50d8ee5682f6a16f01e2b72c3e044
images/train/_img_457_jpg.rf.135afbf6917b2a02f893e84263e31c3b.jpg,40659,96174e719231fa9d83650cabb4ada7cc7047f588c7f0dafd4cef777beb67ec78
images/train/_img_458_jpg.rf.901cf341f487bc3b7c2d0d30e80221b5.jpg,34330,cc2ff63888e6d00ad4a2c23994ed570f0e1a562d9457be7e29ad808c81fa9211
images/train/_img_459_jpg.rf.1b786fc479b04e891eb359ac1b1ec134.jpg,28881,984f3df5f0139c93179d4273a4552f903652d29de1fbaae018f44ccf703283c2
images/train/_img_463_jpg.rf.b0116d6ce51014abf4b7ce72d94c1d3a.jpg,18571,fcc06a82e25c56b6bd627503d005d179e42bf0d507467773b03899fe134a4b9d
images/train/_img_465_jpg.rf.568e0a00f69cf32dc14df40f4cf318e9.jpg,37703,b48b59f42c44604f12770fe28b31bb2de0b881cf430ddffecf6e279fdb14cc07
images/train/_img_46_jpg.rf.642ef1ceead715b263ec1e0afc5e8728.jpg,37304,5eb16f18de32ed7b85c2c1d5c85c37db7ccd6442a27c1ad1c942a3100e6a4360
images/train/_img_472_jpg.rf.348621dc924c9db17822fabe73312f8e.jpg,42987,8298356e7cde024cc94307e9aeab942b2a90bec341bc99f596cae1040a25df8e
images/train/_img_473_jpg.rf.252645fba9beadf811ccfc137d3b9547.jpg,42201,b6af9b0ad6162e40f22c21dd33d8539d90df327e7578464a340e852eb552836c
images/train/_img_474_jpg.rf.b312dab9d68cfac15c1c87ed5d15fdc2.jpg,45665,1814174be87f54d430b587a826b77b9a17887573c61dc42e1ef5800ab5f2b124
images/train/_img_475_jpg.rf.720ecfac4131d69865075eb323e1f229.jpg,44094,64e6c0ab5a9da04db448410c9a82789c51e815bf937246e5080824c8f5140202
images/train/_img_476_jpg.rf.7da7f00ae2b55be31d9197442c32d6b7.jpg,39048,d666b01b86185effdaa81b4ca9119fd3eb278e9c6caef867fab6ed6e27a7d4fe
images/train/_img_477_jpg.rf.79fcb4d914591569d83635c8aaeb354a.jpg,42066,818dd4eb36783872c83411a4e601472010247c4a9542704e98bc8ac17d22c9ff
images/train/_img_480_jpg.rf.a9647f7237522117abbd4d4336744132.jpg,48638,b54b7a88c350d15b3cf4d57e426704db7f0ac5a0a62ca3432adb2a1bea249ad9
images/train/_img_484_jpg.rf.44f592dcb4856a11f7cd7a798703edf8.jpg,47043,cd3641bfe85b3b99c221d4ac71dc871480bb13da7643591d1d4bf283fc764c21
images/train/_img_485_jpg.rf.c8a60ffa1dc2f1fc474cbf99671a35e0.jpg,43768,fa6dd84c94716762da72f477006e37a010ea5814d33c8976909433b122f23982
images/train/_img_486_jpg.rf.705de5dd0e05aa5304c0e284d57306d3.jpg,48690,dea843e03c908998cd91025cce5d482082ede4c023564acd9530255f9a80150f
images/train/_img_489_jpg.rf.50918ba2f31d6f851591e39c1b36c770.jpg,39125,7119c9d2af499c3e55bc538045495986b0c4c7a69d91a7e430f7ed87fb6b0ced
images/train/_img_49_jpg.rf.239684b90b2a953a22868eba98027f7d.jpg,34687,0fde6145f36bb9833c2ba6b1599caef97656b3fd414b7b680a2b2dadb72cc1ea
images/train/_img_506_jpg.rf.02697e568b0c978e21eede4a4370c398.jpg,44949,7e09469e10a80ca496dabaf8436dcc7491ae674417bd9c3c6bb34d7a82f75b69
images/train/_img_507_jpg.rf.265daa777babbb86ce02910c0dc4d2d8.jpg,45010,0f3664d65e9816e803c38e604f4cc43645750da16484eec1ffe018c7b7e78473
images/train/_img_50_jpg.rf.ac78e6c9153293c72f885d787b266cea.jpg,34109,bd3edc683c6d192bd10357a8b787b3807209357c2396c3dbfc298d25e5156b8d
images/train/_img_513_jpg.rf.07dc7f8ba9b5f3e2899a98befe13c1e1.jpg,43884,17ee41f0f23afedc200035edab801df661e7d5c9f2648f12c21f1ef9f60a79f8
images/train/_img_514_jpg.rf.30292dabce2ae2d836cb8525f71ccfeb.jpg,46365,159f2c415a5a76462a9b8add65ac00cc50c5de21fbf4963b6e7b6e6c0395eac7
images/train/_img_515_jpg.rf.6d1385951ce4ac50dfe29d46d0b2fe7a.jpg,36120,79f1592223fb20ac7c968597b9ca9c7ec974db2e091297752e39bfc8c6e6a556
images/train/_img_517_jpg.rf.d1d6d872e00a235435ed82995d282eea.jpg,37007,7fd11dec7301e930817043030bd04764e18c539ac2d76680406281e7ac8b075b
images/train/_img_518_jpg.rf.247df95285c399d547580851fa441190.jpg,38010,2affcf725ec5fa1789346a09dbc25faa13f38807c38d75889f8c96a48c7c940c
images/train/_img_51_jpg.rf.ce9d2adad7b15e1598625942796bc3e0.jpg,37223,f2144d3121f806c5c7d4a4d0c353580759e1771b73cd3405a17c4db8d19295e1
images/train/_img_52_jpg.rf.3ac2cde95e12391aea48acb8a7d8bcf8.jpg,23768,5f66fd2bd848e307fb239cb9e537fa6b27a3b259cd7b19afdc644ccbc2e57b72
images/train/_img_53_jpg.rf.52199308242f657c6d07fff40eb49590.jpg,24867,2670a02bb1544cd82cbe5bc6c931c3833dbc034998f4a306995a8c2de57a231d
images/train/_img_54_jpg.rf.a0c53f54541e250d0df7f296353be323.jpg,24808,7e09874f8fc760ae5ae81e4f8358fa2fe8a3a38fde33e5b9f527f66f0efe6c3e
images/train/_img_554_jpg.rf.ea5a0ae5c8686ffb7eea5a1757d4df86.jpg,24600,189bc11952e3019a913603c9f6add8d18a8bb298bd9dfac4526892135342559a
images/train/_img_556_jpg.rf.1e1df506e699ef988bb4d437b3b48d92.jpg,36991,a185a436c75428f696c9bf99a934613ae6657108c9faaf87213051cbcf2bf31a
images/train/_img_558_jpg.rf.75e4368aa1613e25ca3ad563580881da.jpg,40100,08b1ebd621f88e3961f0be3237cea3b5d0d00067c14d6f12bc12fd042dd90f22
images/train/_img_559_jpg.rf.887ca87d3e9dccc69971c4420948547b.jpg,40354,2be0e4a5f583f5db0fa896c29e6200e35a558015fe5406f61c22923c378e3b3a
images/train/_img_560_jpg.rf.a069b88add28d1c7c8ea2964338b2c6f.jpg,46803,f6e7ad2e3be4f12f76d9fc09c65ea3203d30f364f452905b26aa293fcede5be8
images/train/_img_564_jpg.rf.356794c53e167f939469f155cbde80ac.jpg,49252,09b1659c90d76b27959dcc44c490e6691017606dd185eb998a47418e9c11d6f9
images/train/_img_565_jpg.rf.0966e38c6f22624b1aac07a8218e016b.jpg,50278,265ac64c81379aecacb4215db8bfdf8adcf17f542227d8660c41b94b0b45171a
images/train/_img_567_jpg.rf.eb0cbacf53b1bea155a06a3d6bb0e2d7.jpg,46513,a4374755033110795b399e80fb5a931d81c908cb4f407da86575c84478fc22c4
images/train/_img_569_jpg.rf.3dc86efd9a2ec8b9020b77e1901b4300.jpg,48049,e32e6b236299d7bdd620bccd2836a7b9d567b0ed45fa1a792ed4219e345bdcba
images/train/_img_56_jpg.rf.931fbeb5d0ebe1c81bccdd615a8d07e4.jpg,26521,b17b4655fb7cc51e34b90d07c150ba2dfdc8fadb2c5df96e96a3cf069c36a5b2
images/train/_img_573_jpg.rf.77b6753c4cc65eefc2213f6e25e66b5c.jpg,45549,89321ccee8b379720380cc4861dc39d80a08354b7a978f77646ebdb96af6bb48
images/train/_img_574_jpg.rf.6b3ce47a71ebc6f8a62f821540bf95a1.jpg,42405,75fa3c11820136954afcb3b8e431a4df80e44cb5c9059f39e05f08025e659769
images/train/_img_575_jpg.rf.d6b1ffcbc095088e3b958cbfe27baab0.jpg,46886,0a2692ff60234ea6f3e2a0402cf877a6801e9de4f764a6854984ff447aee44d2
images/train/_img_576_jpg.rf.fa1ec54a6c702d4324dea2fa5715762a.jpg,47982,9240b5e14175815aa11e4444bb197562d3014e335c1bb7afa02a7efabee80a60
images/train/_img_579_jpg.rf.962a55f221f014248a922883d6f3b863.jpg,49108,7591db00c24b7eec2f6a23d52ff5cd6d7b3b2ca25de11fdd4365646d2a37e229
images/train/_img_57_jpg.rf.78004a43d4b1454adbd95c9745edff2a.jpg,23934,c234c74ab083d1305448101063cd52fd841fca8021b135b865aa05812fb4eb46
images/train/_img_581_jpg.rf.97d69febc1d9b4525dbbccbda8e74f07.jpg,47232,4aaa3820ea4b6d4fd480565ccb4450ea2efba20d1598d4a5672348722d38a005
images/train/_img_583_jpg.rf.a89f34e39fa0929e36e81fe5ad3fefee.jpg,47531,331423e5088a4f6aa1c76eb243bd8ca9d2d892a6ee16b410e31a4e5d88a5561b
images/train/_img_589_jpg.rf.f2bd16dd56aaa97e22307234516979fd.jpg,51102,ca044e4aa3cdeabe8a67e0f483315789bb9973b70ac5e7894d05c874350f352e
images/train/_img_58_jpg.rf.125f2cf38041983aeb7f7ed9fe2f90c0.jpg,22729,28495985dbe8de89a51b73e5d91155cb9f67f3f340835f4e0d26eea29e580724
images/train/_img_590_jpg.rf.507cfdc38e3c414ceef71ed1473317fc.jpg,50071,f01e9664bf83f4da80c8fd593fec79bbea5a16be8712d7e27d7accec855c60d0
images/train/_img_592_jpg.rf.260a6844e60998900768eb73ce38146b.jpg,41870,9cf66ca1996da9b992479f496d8f9441d064c1b1299e127323f466b38c588900
images/train/_img_594_jpg.rf.8b275d53b2647d8c652efa2dc0a757fd.jpg,48355,880b4277556de869225a54a2f291017a262429c4885157593bc911f62f3b373d
images/train/_img_595_jpg.rf.dec323c2dab155aa392edbc1841bd710.jpg,50560,96b7179bbbaacfd30e2827be423ab938301a298ac0b5d2d4a347a0d3b5ae3f4c
images/train/_img_59_jpg.rf.509ada7e5563a540597c96bd69f4740a.jpg,24610,b3fe927e1386c6f9e69d314437dcbbccf3bcb38046df361e6cf681033dc23aff
images/train/_img_600_jpg.rf.164de8f25c2e8be7a822926efd16a91a.jpg,50598,bfb368a70251f1db0823a8a9a0380baaa4e506ab80b078e95bee7e12aef12b4a
images/train/_img_606_jpg.rf.db9a720c099bcc7468d3c2ab8128534c.jpg,48156,7f36cffbd3c5e8490310754803fd0e47e440be24581103e8b70a0b47a0080dc7
images/train/_img_607_jpg.rf.68837d1946bbd7a3a24849777dc41d99.jpg,50382,1011210aefa6e047fb0b7733a3abd658ecbeb5de436b439ec39e2b73793378e0
images/train/_img_612_jpg.rf.c8baca2ad07d3822da88db0fc37aa1ca.jpg,45958,7464fdd4dbe46881607daad651f92ec51068a0a74c500252719d138f92ab465b
images/train/_img_613_jpg.rf.8ac6adafeb3550720de79165295829ff.jpg,32998,e66caab27df2022ac8ebadd3d394679881d53eb2131e95e75ee041f660c97a0c
images/train/_img_617_jpg.rf.6edc9a6ccbdb026ee5bd4900f82395a9.jpg,49926,9e5a37fcdfbb99607d21de128ffa40c2c5c92fe1fd66e8f522c77c3c3f38052b
images/train/_img_618_jpg.rf.9924640b7ef34c49bc0f97accb68ee54.jpg,45360,96458fe7ea48a88ff1c5fbddefe5ed37e3d0381cb9df66a407a35a22ec373c99
images/train/_img_619_jpg.rf.6c1bc424dce05faaddc14193efd00026.jpg,32024,c146592df58efce87767ca22007de089406e9f5aec58c3f6e6baddafcce77aa1
images/train/_img_61_jpg.rf.401e1a2a5b3eb6ae30998cf3c0d91b4d.jpg,42540,f2cf87d0ddad3f8891ec5654b25ed88876067c4e0c33db2e0977f0629fae2c04
images/train/_img_620_jpg.rf.6f3fa65e2d10631878419a7f8ca66122.jpg,25914,b12cebb966418eb83f4fc5a09e5b1eb2592fe0fcbc416ac49a8329de53b6af13
images/train/_img_621_jpg.rf.c76da3226b81bedcaab3fc2ee45f5271.jpg,29278,5f123fc43e124d58e497c7e519b01da50848afcc516d2a11a027d2cf99c39651
images/train/_img_622_jpg.rf.dddd41a1f7077b8a5872aa4faa9c946b.jpg,28491,706d5e5d0b302e13d1c8062f52ab668f048041c90f9bc7f33339f70414cb3a50
images/train/_img_623_jpg.rf.df4eb51ae26ae7b999dad28906e7556f.jpg,27914,5803307adcf340638b0c9a10a101abca926fb110d0a85653a1be20f33a8fcf23
images/train/_img_624_jpg.rf.263065273001e76e77143ab017bc7286.jpg,28811,af257ace3ce9dcddd5b6776f7c30d6bdc36ec01a40ca9d85a9f0b0939c5e984a
images/train/_img_625_jpg.rf.bc8612cf4920430d3656ff1ac07c5c12.jpg,40911,26d08326fae2065c7b50b00d8ea5cc8f084c45414664fd4f28a70ece281ea154
images/train/_img_626_jpg.rf.f81004db9e0c7d049b73660c31f82a18.jpg,48121,a642cbad2f6da84331b656150de147360275fe8c256a22afb14296b8140c4766
images/train/_img_62_jpg.rf.d57b2d6bd3e25753c30c76fe84c75dd1.jpg,23234,24fc166ad5b2de1f9b702edc169411bca393026bf6f6cd7cbec5bad93e5fcc31
images/train/_img_633_jpg.rf.19fbe58acd8ea1e39d899f30b862e61e.jpg,38753,688fe71cacee92ca4a0435f65eb97c1f0fab9d231b26141a16615ace8fbb35f1
images/train/_img_634_jpg.rf.ae2f4772a53243a7f5c47ae6fe907c16.jpg,26985,ae469cfb0bb65e74d1a33b2e268c85b896d7a671443ca164a7dc537e80724dc5
images/train/_img_635_jpg.rf.76f0eaa4a7a1572bf1c4524c502082dc.jpg,40740,8ae7da929bf6ece64a52a1e5c9e1028d75d46f9446269f5d7c19846f3a62a1a4
images/train/_img_636_jpg.rf.0f884a3b7c672ccf2d6299f4baa632d7.jpg,43809,2108199bf4058c18e1113a9464a002975dc25ee806971042f1c665d1d61169f6
images/train/_img_637_jpg.rf.9a17d607a8330a7f478326795ae23f20.jpg,45545,ba0a548e376ef036d862a22d8506502c6241641095506c7b252e11da3a6bc512
images/train/_img_639_jpg.rf.3b9d75252104a9a6f0dfb94f9066cacf.jpg,49615,8407806fd0e2a69d51d66865151f20c1f896f6bf0643107103e7c19763d917c4
images/train/_img_643_jpg.rf.f73258a6f27be8261210b98ddaa3e57b.jpg,47841,ff714eb4047290d97e40dd8c6283bf63a947fbc3f27d1f5adb569fe5f95c57a8
images/train/_img_648_jpg.rf.1ffe3058a4338a9bc09e13708cd50c18.jpg,45321,8f6a6ddbc1cf939e69b748b6789a553d6f89b4b4b275f691f69e6c7eec4172da
images/train/_img_650_jpg.rf.78c3e8deaab78443cb12641ff05a34ce.jpg,43965,be4cb1ea7d2327a4d207b4807b312b3748b5573cf2f7f064519462ddf93fca6b
images/train/_img_652_jpg.rf.0d7a40ecefc1120f6a5b913b4a7e738e.jpg,51513,93cf5e68e695d3e2cec74a3e9c6991a0fdf2a2be0439daecdf6c87c524babb94
images/train/_img_653_jpg.rf.73a39f19f59cdc7aff81f505d5bcb6cd.jpg,50147,1b5b21e8ba1f7ec26cf9dce150d8be296e22a59e23d2db90324bb2d1391db7e2
images/train/_img_654_jpg.rf.6c4c0d8f94cfb057ff66bf2218e9039e.jpg,51025,56a90432ada4d259237f2487197ebc02bfe7944a03fac17b2f18cfd733fbb65c
images/train/_img_656_jpg.rf.6d47535f4d0ee89e26db10a6a4dc0e0c.jpg,50253,bf698f9172f144d85288af9d362b5c756f61d93bb91b7954e593cf2ee7023793
images/train/_img_658_jpg.rf.e856589a82dea54356703be640ccba2c.jpg,46661,7050dad1d1c9e3873a89c6553cf0422cc3be7930034bf9ef6ba85df5d963c850
images/train/_img_659_jpg.rf.65e33549dc92cc73340f81dcb00fb24c.jpg,47798,85907b11b8af217963ede736fce829d9ebae43ce5d8498ca4151519be49873fd
images/train/_img_661_jpg.rf.ea60098c6c9a15735b20d5875316eb22.jpg,45400,e5e5f8cacbc075318a3e32d46409bcec117106bd28e13f19f0de1b42795b6d21
images/train/_img_662_jpg.rf.3ffa0ccf859a8f7cc3b2534b80421145.jpg,48004,cb20ed0b70eb005ea15b3456318b54044d4200cff98d7fee0bb2a535d79d7d35
images/train/_img_664_jpg.rf.6869290edf4eb426ee3833b25bfec1ff.jpg,51824,0f16eac52dd55adde977063f6223bb0548d21fbccf379ca2dc0bb2f3cb2f1d65
images/train/_img_665_jpg.rf.43256398be991346f0db588ab270ef85.jpg,52371,7faac1aba5ad5d85791c3a2366bc65f87982adf11e1532135c16b4149e144585
images/train/_img_666_jpg.rf.9a8f2afdd034eabcdf77c6c52e61e125.jpg,52054,fe2505d28d7cc0c8b02585bc5a468759912e38874103577cfe63899312f5468f
images/train/_img_667_jpg.rf.b763490117ef19da430d215fa2705f9c.jpg,49393,b60fc8af8507abe36ef7f67505f9b8f56dd5a60fcf9876caff9248ada5fb26f0
images/train/_img_668_jpg.rf.6874a8a8ec9353217a56d61d7c192f81.jpg,51506,c395c5a1a1a25dab6b8c2cf5a40b140eb88b1968b989717f876c51f4d906ccb5
images/train/_img_670_jpg.rf.468c2722d8d8c0d3d815fe118faee422.jpg,50915,bea7f1f35eca0c473c55d8958ddc8a9fb732960bc4357cc1e939616ce452f0ab
images/train/_img_671_jpg.rf.6bbc854f9550de603f8ce900d67c4073.jpg,46454,b582dda348d768c7640b3c3ade120a395e1591eeadd402c9d08d64ff77e1fb79
images/train/_img_672_jpg.rf.461425227d51f7b0864a71f324bb0a9c.jpg,52402,2d7b68f8930f8975eb641b597a1ff00efaacf766c97cb5686b0a3e5199c3d27b
images/train/_img_673_jpg.rf.a9cb7e632297ea517cb7349725a19723.jpg,45127,97a9cde7526fb5f8cfb33f5795a35a3ab163cd497e40d2f2d9964fab3ae5724f
images/train/_img_674_jpg.rf.92c77b6cff371fe2a8854d05f3ed9740.jpg,49192,ed1b42e7ded1f70aba41a7fb305694e6f3dc0eafee1ae6eeb2c9f2129a882eb3
images/train/_img_675_jpg.rf.830d67256cec7cdae18a50fa673662c6.jpg,45296,da35dcc61a7c3946398313edd2795061c9447009a9d780f1d5b25a71b19ccd36
images/train/_img_676_jpg.rf.9c8975affbe6f529230f33a4a23e2040.jpg,44932,85b61d5f5cd48eed3429fffb2091e08c974ca549ea9eec85630dc0caa88ac9b4
images/train/_img_67_jpg.rf.6e29acb88c21edb013552d007f13b6f5.jpg,47260,60a91070b9b81e3bc4214732462c79f9aa7171d99d650e95d757208d16d514ee
images/train/_img_71_jpg.rf.9ca89fe3fc2a30e28aad797a8cb2007d.jpg,45969,327b441e88018cc478e5b0a0f0ce0c38efb0669d1c75fa975a611cfbc473a162
images/train/_img_74_jpg.rf.0ce8da728a573d4c37ee98ca87891be9.jpg,15866,d5c7e073f0759bf20e9ceeda75b56185d992d204c847ed35a4f55ed8c7f6ad7d
images/train/_img_78_jpg.rf.3d88c2f45d8721e80c8354ae1c1db1f9.jpg,22441,91dc5b07ee2a412595748de426af421788e9284971d73cb4914af7a6aaaf1593
images/train/_img_79_jpg.rf.d60a0aaf8baf24a9b4910346d0c0a861.jpg,30696,511245bf78e0650b4be8d6979138f93bdb3991d363a4a9f29f256322eb198d27
images/train/_img_81_jpg.rf.fd9d340f1779c4962839f6c0ccff39ec.jpg,32822,56e75afadae76adfb7dde1b5b3a9c7d495ed0fa8ae29c4babeeacd48d4d3902d
images/train/_img_84_jpg.rf.2f899a91f42f0518680546309219aaea.jpg,40779,6c68f29ab16ebd54c64227ed418f4b077641fc813396954a95227ef98c00f348
images/train/_img_85_jpg.rf.1852313ca08c2fc015e11ecd9cfb9aae.jpg,28396,4f28921ee7782c2740b2e105bef9100c0a878902ac40b80cb87e68fb897d2d6b
images/train/_img_86_jpg.rf.51e6b1e3798cb956edeaaa1a7e751bb4.jpg,44291,bfc1f5873bb34071b85348d72426323fe29cdb154c6ea20bf8930ff24e7e37cf
images/train/_img_87_jpg.rf.b32fa272da6fd4da3ec80940ed2d73b6.jpg,41228,7daafd1cfee6528d716e0e47a9479ca7387fbee6e115c9a56e807312f82bf7bf
images/train/_img_88_jpg.rf.3b8cb82d6d3573d88918c96dd10122ba.jpg,29155,763b2f40cb3b603a380eb1b76f81e0a0a6bcccb1ebd6378adba2e54bff142993
images/train/_img_90_jpg.rf.77be7c0cda4c71c40db36d824277ab05.jpg,42089,fb2e9a22840e1869a1646af048863bf89c8e9fc55522d28c08c7f7db74dafeb5
images/train/_img_91_jpg.rf.af3ba142619ae613dd17b60d98b63d8e.jpg,24318,609c968e4e1c00c827434e149e4cf5253e3adc7825c1ac79e221ea51f5ff6505
images/train/_img_94_jpg.rf.53e5d4f1af525de8f8102c33caa55758.jpg,31358,9d97e13368935dfdc8302ad17f1eeb1740946250138fdba2c54d532792a933c4
images/train/_img_95_jpg.rf.d2fed3217d885974cefefdcbf5ed777f.jpg,28532,22139f9027b2a0ffbe7d1ffb3d534bd52be0aac41f1094ea76e4ed9c168dd437
images/train/_img_96_jpg.rf.7acbbb4e3350d2b2c02153d4fa05d901.jpg,42151,2abfbdea6e85b048754be259d17b6f3ef355636eef41bb5192e1d82cd758d94c
images/train/_img_97_jpg.rf.7286192ebf38313eb868eee9efe4d759.jpg,43022,bcd79e95c40751b817af11fe60d400f1ef73a35f95e87add1f99b8464441bcd5
images/train/_img_99_jpg.rf.badf0ec1cb731d935e71a185a3eeb005.jpg,43907,71c1befd7dff21d99bddd01e1adac02cc765d8e362e191383b110515f54d4a1f
images/valid/_img_102_jpg.rf.15df5e44c1609a03e07b711ad83d05ca.jpg,42928,f5fd47124f6b580718a671a4c9aa5293a9e0f8e34fbbd187e161ae8896eb7f8b
images/valid/_img_116_jpg.rf.88ee97142d1bc5a0084bb9c44eb473d4.jpg,26333,f04bb2f2aef5aeb90f41063efff426b921aac6522f7265d7a4592c5988e0e884
images/valid/_img_119_jpg.rf.a61f32ba58554a90e079b1e4141e9187.jpg,37364,56e3b0d773ac85c83c5bcb8602a3ce9f1e93d024442fab42b94226477e9313ce
images/valid/_img_124_jpg.rf.da7e156fae5fab06efb97a50320dd9e4.jpg,20403,66025d29d3ad9657e667108533c768d6e31c367ddb1eaac79a067f3c2dd5fc75
images/valid/_img_131_jpg.rf.a1d63e428aa38961f98962e34a4ecdbc.jpg,16927,7d8ce2a3c78f0239a0a2d9755637da9aca8dd4a39b8637df3d7913ce7582c779
images/valid/_img_135_jpg.rf.d66fe5a4fa48e59f15f0abe214f83040.jpg,23389,117827d5130f450dbe03d48b5684fb2082a2879f801ad3eaaa01ce7d09fb1420
images/valid/_img_138_jpg.rf.33c6392c2626230ba5b178b35821eef3.jpg,22482,34ef7bc20ecd64a96bd6d948b2ea9c1b6b98b03528193c5a3d6cf25d1bedfe02
images/valid/_img_141_jpg.rf.41bd4238b5f554910103ae7d61d29330.jpg,20545,ab30f1977cbeb712b09afec360352f29901d222857be4c913f6508bb1dca5dcc
images/valid/_img_147_jpg.rf.36fb5ca2785c2d26bce761e765633279.jpg,19261,be843825c7533e79e81532d329fe3ad068cfaca53b4e3820a540c6941c9032a4
images/valid/_img_152_jpg.rf.7445930a707bbc51a631eb0c085b5712.jpg,22142,f3f18c2fe06612534e0a671b81b3f3426d258881b835972966ab66026766a468
images/valid/_img_153_jpg.rf.94d98477ffcc42f0cb4a99e83ada2b08.jpg,22097,6d4342c1f0c156316d422bc3dd4e9a5748d3e1228cd22ff4151d4bcc10308aac
images/valid/_img_157_jpg.rf.6a74f9375060d92aa360aa16878ab5a6.jpg,36295,d404b37fbb258fd0412c128d0d26d3e48e3336c477c6faf8b7e575ff3e9b5f08
images/valid/_img_163_jpg.rf.ba03c71f8094c89e8b2b406f017762b5.jpg,31098,aa1a44f35af6ffa1be471e59b89af32285d953ceebb5118eafb255350ed3e65b
images/valid/_img_164_jpg.rf.5204341e8d6fbb5f0cf279f0db8f43fc.jpg,22467,3da8bf9ba28bb534019df8c209e33303e697b93697c8b11b04f53fee833160c4
images/valid/_img_172_jpg.rf.c54c9512a26e6941cfcb77abb6625503.jpg,22000,4ca30f5995923dcd86e96bcc893c9ae30ab1fda26f8878a6b55d50db0f83f0c1
images/valid/_img_193_jpg.rf.8988718b84eb28d7196c459bffd035f1.jpg,21396,0891a0b89736aa941f2773e501a7e6838cfc6900e6cee4e8d3159cd23227ac61
images/valid/_img_217_jpg.rf.11d874af90efb236403f573653819ad7.jpg,26375,8bc4450845ad33f43a760985961a7b96203dde7a394907f36538fee65bfd551b
images/valid/_img_223_jpg.rf.4b948f11f870132d17e3afc61ab07a3c.jpg,36374,2e1b0f86cada5c2d551b58269ee25ea85b3e5d4eb7d26f154a98a87442092d98
images/valid/_img_225_jpg.rf.ec179606bea60b3b40710c47e87b0c8e.jpg,45719,914485d213b30b11f0a38091bb44674b505f92c9a979d0d993c0249af64d24cc
images/valid/_img_230_jpg.rf.fa2a557820ccf104aa523bd32b2a1fdf.jpg,21698,9b3f7214930616a416051268384601c0a8cc7580807174d40f54578464ba61a8
images/valid/_img_233_jpg.rf.557b808874879e520d179ca144161147.jpg,25468,e1d654ad6b5e8595dbd33031131bf2aaae5e7984a16e1a5b737e2db123119fca
images/valid/_img_241_jpg.rf.b0441338bfe2527f9a8f3273f5528708.jpg,31364,ceb9ca84e46cf3456389780b4fb3a096a34e3da0c7922144f020beb894135365
images/valid/_img_247_jpg.rf.7f713c30ee4c45de3f8710dc18501bc7.jpg,25792,caa545ac93b7eb2d8b7d57987b9b3c868d132d72b6ae5a35eb8e6bab5c1c72dc
images/valid/_img_251_jpg.rf.c52ef72a73aee7a41e9c6a47754cbfd9.jpg,26130,2dbe3c1e21f3e2263de220824917bee5f47c00e1afce86bce3080957245a43c7
images/valid/_img_255_jpg.rf.fa2b7519fa4f754239a5e575308fcdfa.jpg,34958,88f4276d8f76ce65b098128f9cb1a0783af476e3babf22fec09787f5be77671f
images/valid/_img_268_jpg.rf.dd97939ce0fc20b47ae8f925e1b64c10.jpg,19182,c3dadd9214d97335351b8444c9a73dc92aa5bc3b7d5a0f21cf090cbbd71e3c11
images/valid/_img_285_jpg.rf.4f8bf099a530fc8eacda22c4bebedfe7.jpg,24169,e0b12856b6794571189c02b229d4499877bcd1c3cd7a3b61fea61b3226619f5b
images/valid/_img_313_jpg.rf.9a836ab07d106daa7ad59de85d2202e6.jpg,36063,7204cfc45b45e4dbe1dd9f702ba924ba2bd1ba2ab61c86726eb5847bf3219ed0
images/valid/_img_316_jpg.rf.a74685043183a59bb749fa054db86808.jpg,37218,e2e53f2b3467a1361ba0451a066977994716ccbbded19e2ca2f94a9bb064500e
images/valid/_img_321_jpg.rf.d3edb0ad6440a0e4beb45d0864ef18f8.jpg,40390,2f2070c1e26940c48d722ab705701f17caf4f148dc6f0069e32f1305862b05a2
images/valid/_img_327_jpg.rf.fd9a58f5fbeef864a9f70c76b46030bd.jpg,24244,cba0cc21d5b162a3e0eb25547d51de3aec49440312a8e314d1201c9409a10dfa
images/valid/_img_331_jpg.rf.873d695d8cff5e5cf08d8da07251b59c.jpg,20460,6d83336ec320bb007ea6a4eb08c42bdfb798ca07baeeb696c01541a7d4273174
images/valid/_img_34_jpg.rf.290796fdd0a5c68467bec0dcdb9fbf2e.jpg,22288,434da15d50625e6a9e808eb375499f937175e264ef3ff9101cf2b937e47af69f
images/valid/_img_358_jpg.rf.2d0f4e3a22ae27acc362704fb40613c4.jpg,52410,14be13ccf50ccff42f16efd1001adb74b286883ef30c0aaa4867fb62b1935617
images/valid/_img_368_jpg.rf.92d9d98ced18d0567304fe8e2502f3b4.jpg,52478,7c7291e8813f25fc184b487ca9e243b98eb04ac2ed3fb3699d380ecfdcf57dc7
images/valid/_img_36_jpg.rf.aeaec81ac7fb9406dac155e8c24d2bea.jpg,39648,bfe959a42b27b3a75081ebecc10e2b8c6d76ece33c8d50d7c9dfd4b3cc0c356c
images/valid/_img_373_jpg.rf.00ade36e1f9b1779f9719625a0abab93.jpg,50478,0c3b3b94aa45c67e1ccd10b359aeaf440f0d4d1689fdd26267f919d4eefdd55a
images/valid/_img_392_jpg.rf.64c8edd3e38fc0f27d9f256ba674aa20.jpg,25740,e304cf2763b8f93483ceb63b7bd6e6b538e2a1c4460255b8df341fa84e1ea30e
images/valid/_img_397_jpg.rf.dcc21bf6845c1b9d0a15ab6b33fcdf55.jpg,38909,0510517a690b9971beedcdc9b16a50d6092c3e657301aaf58c09b56cbe24d73e
images/valid/_img_399_jpg.rf.26f505806a516b7418998571fc2c9336.jpg,48396,2ca03a5cc84f6c13603708d1f590decc6ced5cf51f403e9acdf02188e1a5c34b
images/valid/_img_403_jpg.rf.5d4c98040d5b5396c24defb26d4bbf42.jpg,37017,9e1bd54e346a11007bd73ba1635f785b9ba030b6f39dcb47f8ae26999cea4ac0
images/valid/_img_407_jpg.rf.06cce73729a5afba697b54a29ced5131.jpg,37953,585d902ee966739fcc09dd931fa52195dda1b24c5d5a29cbdf7cbef8635ddde6
images/valid/_img_420_jpg.rf.69fc69ca24c72b50c211180c857fefa9.jpg,46373,8b0cc6da31d6570b250ace816dcc7e1ea4bcd8393f5891868fada5c7ffc4546f
images/valid/_img_421_jpg.rf.3430fd4ffbf001eabe0a38ab6077396a.jpg,45010,21cd65efdd307085ebc14a855ef17f76ab6c802da89a32c7148840db33fe7972
images/valid/_img_452_jpg.rf.b8b646950bb8e09ad3f8d60a4ee62540.jpg,39222,563b36267e27e2b9f5bf09710be2688d7e75a656c1c2a8a9b9c4796fe8c977ed
images/valid/_img_453_jpg.rf.7b5df22f5fc2a6048e46357ab0dc9d9f.jpg,39991,54e1960712cdb18b6b0368bebc61cd53ffc5a7d539f69a4bee5037b3a33b6cd5
images/valid/_img_45_jpg.rf.dd9c9525a4353117c0d9a88779fba6b0.jpg,33393,7c6e7b8d3feb37924a725a9348fb424b1052f69dc7c3e6924cb1ec88922f0181
images/valid/_img_460_jpg.rf.32b9b566b88afc8ef5b9adb36cfbf268.jpg,39752,ea8fe3e56368c6385255bd5eddc54eeeb7bfa4667920ff94b31015387998eed7
images/valid/_img_461_jpg.rf.1a7848710a8284e3bca3c48d62c31ac8.jpg,35844,1084686fa3f807fac774241ba1202844e0e26710026d07eb83555ebfcd8f4d84
images/valid/_img_462_jpg.rf.349646c207268ec6bb26e5643f8fca71.jpg,32708,a9950f8a588d29c87c090eab6127286157c397936a70d3b59cf496ece9c6750b
images/valid/_img_464_jpg.rf.0f3d9dcbf890dbb843cea5b861867370.jpg,38005,a7796a97f6693b2c6c083c2d08dee84446ed0f359ed5293c81db8f87489d6e7c
images/valid/_img_478_jpg.rf.0183112f8329dd040f886944674f0344.jpg,46152,36b7e6ca3da869e255342f251ec77c2f6ce49732a3e002713d0216180f7bdd65
images/valid/_img_481_jpg.rf.715c336d4af2e31f33b48fac349ac09f.jpg,44215,ccd88864ff52816c47f77d57a154eb890eed12fa046d2ff5938ab212ce8ab814
images/valid/_img_509_jpg.rf.cf7491e4a2e6d20935c07f5010174fef.jpg,47666,a1a6f6938beef537636b92ea02f441a0997dec95e9f32fa2d586b123cf2646a1
images/valid/_img_510_jpg.rf.143596fad2883836091c5c188cc29654.jpg,43677,9cdfb4380edb0f72ce5386dd75c8c63ae0bfa53821c94aeffd129df956176002
images/valid/_img_519_jpg.rf.ac61ba9960e338ad88cf3e3a76ebf04f.jpg,27269,61ea57f51868abb306d13b87c9f7d80ab32cbb76a3ed0fded58dba4cd8493414
images/valid/_img_542_jpg.rf.5e7ac4e44667bafb9e90a762464cd696.jpg,30533,2d7a817365cef7284a6241a944360003621f16f4fe5aa28faeddc051defaf03c
images/valid/_img_555_jpg.rf.b6186f39b04ed6dd335697b5217cbef0.jpg,38857,666e31eee2c87fed5255a36d72b48461fb79800e9c48da8604ded807eab3b6a0
images/valid/_img_557_jpg.rf.3b8db5a3b3c3ad98c7b47cebfe117c21.jpg,40617,acec742123ac7dfe869a7f14987e51130dbefe0ebcb9a9205d135881537f0af7
images/valid/_img_561_jpg.rf.e96341d234522a1601e7bc7f85920e19.jpg,50638,7f059d956c06ba8ccb85c66be2a63484347b3cc9bc3d0db20654415a02ef6563
images/valid/_img_563_jpg.rf.4a0fde933ac3176a5ff65c1f15c0a284.jpg,47807,c359083e78c44178f92da863194d10774d9efe27832f82a333d20387dd4200e9
images/valid/_img_568_jpg.rf.b6daa4c431a46409b94a12c8ee90b766.jpg,48667,92e32326ef922acacf58ed1bcd0ca1a5e62a1164e00fc01e012a8c24b5d19e5d
images/valid/_img_571_jpg.rf.f0c0bc72205fdb1ccf4d1188cd528099.jpg,47489,900e57964bd8a7cfe6f7d1be181e7cea3b13ea583879b88174317984b0ffdd18
images/valid/_img_572_jpg.rf.f9bb65951d5e3de291b04e65bdddfea0.jpg,44806,74579d6b1734ee4376423d651556214231219142fbeb74af08a04b30152ba0dd
images/valid/_img_577_jpg.rf.48a7fbaf5c46564615d16270ccadc77c.jpg,50452,f4b2f6f192bfb14279abb0303c5c2c35b92d09f680c9ea85b015488a0c07d31a
images/valid/_img_588_jpg.rf.84a28678c4e6919916636705d18a8bf7.jpg,51241,7172dad9685db5ed72a7e5735e9fc1f333d956525f1619878293918b7afc9edf
images/valid/_img_596_jpg.rf.40fddd551b58f72bbf176bf47fc2d564.jpg,47426,35efeefffc214de6c4e7aa25f577fe276acbf3f958caf2a04cdf7ef8eab8dd69
images/valid/_img_599_jpg.rf.52e0b8e5ef2622b605909105d5d3e387.jpg,47662,aa5ad6c06560e6b6228567afba47117443b8755818c78f6995d9939ac138d3f0
images/valid/_img_60_jpg.rf.f2dab9627d6158b7476ad2d2ca19d7df.jpg,38742,fe5d70e45de7d060c8f118a81e2bc09e2d153943796407493aded347ebb557e6
images/valid/_img_611_jpg.rf.727b4cd4047e590bce2a74d382f1a2a0.jpg,43020,1b5d80bc1b492f315cb7239683811d2ceb3a4ea05989123c2c08e5e34a6112ea
images/valid/_img_614_jpg.rf.a427e8708a386ca46903f7d0ba2d5645.jpg,40017,1021b87adcc45130718b4877d3cb40ffd3f399bf9b0b88e721d770e6f2c7768e
images/valid/_img_615_jpg.rf.b97921ec99ea45cfc994e6f88c719d49.jpg,45522,4c40b2c8806c9e3a0af111d6610e029ccb0305b489a519c34b7c27772f9f11a6
images/valid/_img_638_jpg.rf.605ffb4206406763dbee18c54eecc813.jpg,41134,3302d2385eeaabb2178caba9e4bb135d58827e3ac32c150d5abebdfcf072459d
images/valid/_img_660_jpg.rf.7123a445fc6df602cfe77204c8cf3ea0.jpg,49244,ba6b933de2fc19b29cd2bf5815634dbaa69a561d3d25d1a5a70fd6659f5e8cdc
images/valid/_img_663_jpg.rf.ee4c5a1ff9dfabd25306c4d65f7e7992.jpg,48643,8603816fcfada99620c5d1fdf282e13c0b1220b559c717ab7fe2eb202b090471
images/valid/_img_669_jpg.rf.879c9363920d760aa70caed2ba708381.jpg,49727,8fa23af51f172ec906583c76172676b3f7379c3b6e7047ff2d8997815c11d242
images/valid/_img_677_jpg.rf.72f806a83964b60f6ad5a18b3506f04c.jpg,48711,c8f667515968bc5df266d52a41d5c4e98c5d40a8340de61f6db1844d7fe93254
images/valid/_img_76_jpg.rf.f4f466aca75f34a7683ceccea78c7e80.jpg,15143,eb4afb521925dcaba71f88d70fdccccb3f148725a555e68faf80883277bfb525
images/valid/_img_77_jpg.rf.1d110fb6f13a662536874fef4862d87c.jpg,22385,7a770be834d3beb8b238e359045b67e2e3ec843705e1272351d1944d1e606bc1
images/valid/_img_82_jpg.rf.2e2a4b13b5c4cc93a9bb0a41276c5819.jpg,48656,6a992c976e4e1705fe6a62bfec3ba1867b5d5285f888a92c7e1b10f8c3387a3e
images/valid/_img_89_jpg.rf.7dee947a9a8310b099a119439a762048.jpg,47470,c41b596af13b7280291d96245ea16717d5a29a431dd6fc10440fc5e1a17a2f9f
images/valid/_img_92_jpg.rf.12910df3367725c613364775a54350cb.jpg,27705,d093d1cdc32fd9499f94c585fb034749506cd70a9a1d9527fed1b05a5b110f84
images/valid/_img_98_jpg.rf.813e25038d1c64c2c600edb917a3e44b.jpg,41478,372bfd06606019037189ddeab4f54a3647d4c44df4b9980116ddcefd5b2744a1
labels/test/_img_103_jpg.rf.ece2f0477b1a123805161024fffb2a09.txt,80,e77cf03480e871092c3293e94bc3832c4c68e4756f9b646e392364c2f63d967b
labels/test/_img_104_jpg.rf.fedad8cbbe37bf1da22f45770265b956.txt,78,a99046601ddc97a1d33ee0574ad59f14428c8e2e71b0027bd7a701b67988cca7
labels/test/_img_113_jpg.rf.15037a6b05996328225299421d3833a5.txt,80,32718ae14b666e394daa0fb93cd1860e68b01d6c9547cb73aee3bc367f987b4e
labels/test/_img_123_jpg.rf.cc7018a99038771b8a41f3f1b4c72f0c.txt,0,e3b0c44298fc1c149afbf4c8996fb92427ae41e4649b934ca495991b7852b855
labels/test/_img_137_jpg.rf.1a7be940d2249f2de1df2538cc110c8b.txt,52,fa8ccf593d579abc87590ad7f5d0f04324f347048106091727fa130ae9c3d1c4
labels/test/_img_162_jpg.rf.957a778526c5b7e9505f8e41dfdf166c.txt,0,e3b0c44298fc1c149afbf4c8996fb92427ae41e4649b934ca495991b7852b855
labels/test/_img_173_jpg.rf.274ed98f6aff584cad9742a7b5c3db50.txt,58,b5bdee229c4067ab6afa7b2d411aa3373a79975e1cf5bf895dd7463806f54eeb
labels/test/_img_183_jpg.rf.b5a23621f6618fa954ea84eb6222e515.txt,0,e3b0c44298fc1c149afbf4c8996fb92427ae41e4649b934ca495991b7852b855
labels/test/_img_188_jpg.rf.0450b18d680ef3284a58711fa0e04d80.txt,0,e3b0c44298fc1c149afbf4c8996fb92427ae41e4649b934ca495991b7852b855
labels/test/_img_192_jpg.rf.1ecd7cdce39d56234693592b554e65b2.txt,79,0d0e5fd9743df1a8660fc2c92f48363d5e3f48c5d173413a4f951ca293a258ab
labels/test/_img_196_jpg.rf.30520908ed3dee2df7bc67092820f991.txt,79,aafa683cd7d023fb25c3aa25e9fa822eb3c927a1b59515316c72cff92ba18683
labels/test/_img_206_jpg.rf.6682750ffa64a66c8d8ae3701ee7efd3.txt,0,e3b0c44298fc1c149afbf4c8996fb92427ae41e4649b934ca495991b7852b855
labels/test/_img_20_jpg.rf.9441fa050a22b0f03b3b26cf6ee0a3b2.txt,0,e3b0c44298fc1c149afbf4c8996fb92427ae41e4649b934ca495991b7852b855
labels/test/_img_215_jpg.rf.317cbee12be691d42b19e07886e15de5.txt,81,233d412f2c96a3feaa8383689b4a5ba601a1debb6d1321971371aa3ab3446f01
labels/test/_img_216_jpg.rf.d267339aa2200dcc72bc7e2b60a70612.txt,80,f0008f9825faee7a8bebb4b8d9573a19406bdd4d61f9d478bf2867d2d2f03e3c
labels/test/_img_234_jpg.rf.938b252b6ae39aad4fb1d40a3926e383.txt,0,e3b0c44298fc1c149afbf4c8996fb92427ae41e4649b934ca495991b7852b855
labels/test/_img_250_jpg.rf.235570aa7414b8e943ccc69a17924ce5.txt,81,c6caec60b48a6652a002e480db87feb2cb727e6e4b6af4d6fbfa036ffb433596
labels/test/_img_269_jpg.rf.f1ef8d00117bd80f835e53b3ba7fc3be.txt,57,b8dcf11c9f7aadaf8f27441d38d3936091be9ae305e3fa8bade70791c2b6c7e8
labels/test/_img_353_jpg.rf.97b5ba3226369fd5b20358babca447e6.txt,68,2f7508b3c4720eda90f6f1f1eee9112e575db3cee5ef171b9d9a932909d69aad
labels/test/_img_357_jpg.rf.a4fc470e21bfd384290afb6f7cd3c88e.txt,80,777ded5ab0ff2dcb49bfc5d4e2f8a416a3bfff8e95419598f2cc5c4cac66c9ac
labels/test/_img_367_jpg.rf.344d8069d77f2ce9235c55941a26fdc1.txt,80,43ab2214f15b83ea9f3d54d4d8094c9367893767409228f46030deee6fa8943b
labels/test/_img_371_jpg.rf.35a6105279f506b559d524120ac7b538.txt,79,8b6a26a950b845be651e4dac394a19f0b401c60aab5852464744539923bdc4d4
labels/test/_img_398_jpg.rf.c90c43668d1793e647eb130ab3d9cd4b.txt,80,b7fd8f7f7c920c89df516c2b48dd731286b4bd2ca1c54b36c3d11a117d1f1142
labels/test/_img_451_jpg.rf.c1eb30c6b44b947c14ceaf5399d18c6d.txt,80,eb5fb2a95b48f68305e5ca2a35779bb3f5ede7d557f348570590d130b582f4e4
labels/test/_img_47_jpg.rf.1d94e6200c537e73db4e3a30a525016a.txt,69,b772c4611c4af064726be6b5937e6ea704893b4546eca54aeae87b3f063742c5
labels/test/_img_482_jpg.rf.0be1e07879b0ebdfb88009373eab84a4.txt,70,15939c86879cb7c2997a2feaefe7bae24a5d8b3ef55a79fc1b9a6427f783237f
labels/test/_img_483_jpg.rf.75230493a8d6fa749bd9d1b2a58d2b44.txt,55,ae3f0ccf4ddff9508fe4b3f74cc5c11fa28bb76f6b939c28a5cb3237d458ae6a
labels/test/_img_48_jpg.rf.c5ade7f33fd49144d76e29eb730cea72.txt,69,e0d39507ed495d4bc7884675488fc7e5eccc1a9956f52ec63ef26c637881114e
labels/test/_img_505_jpg.rf.5695e11396e2492703ba34f3915b77bd.txt,57,38217b4f2291ec697fc5a8ac91c9e818b39dd4d9bc3893406ff4965121875b0c
labels/test/_img_508_jpg.rf.db8bfdfe42b3c42ed61c36c9a5e2c6bf.txt,80,f5f463ba096cab46aa14840b1bba01557071348a8dbfab5a20ad43ca9e76ef70
labels/test/_img_511_jpg.rf.845dd371d321636175cc7f68ed8ae770.txt,69,89d7d4ed1d9911da2ad4dab815ab805af5d82a3c0521c431d306a6a9745d91c1
labels/test/_img_512_jpg.rf.4f1aba9a7adfa8c677fa7afb2e5b37bc.txt,80,1eaa38d91328a8d1dfb2ae43a0c9e3471e2588d86b712ba7e31b2f5b0ed69de5
labels/test/_img_521_jpg.rf.3531d67a65d11e1e1196cdd157dfcf01.txt,83,0c9439e427b91853b6ffaa6f3d0061fe3340c5ace03e4640c2cb9dc4ca17972f
labels/test/_img_523_jpg.rf.7bde118ea7a55ba8f9eebd9411c09adf.txt,0,e3b0c44298fc1c149afbf4c8996fb92427ae41e4649b934ca495991b7852b855
labels/test/_img_566_jpg.rf.3e0aaaae0a520309889ed9b8a1e6d8e2.txt,79,400b43c2771fbb42fa37a6042e82d14254cc55a8f225005ab551a1ffdb135907
labels/test/_img_578_jpg.rf.4e4ba12752c56d8ff384468deeafb268.txt,79,55fb20c9b4e9a36bee975092cafdfeaa22a1b4f9cfa3ac633733c32b2ee7af6b
labels/test/_img_584_jpg.rf.9d501f5ff6da92e20553ca49ee479e9e.txt,79,f173b144f263bf1937db7aed983cea87b38212ba0425270da4e57fde78bc0fd6
labels/test/_img_640_jpg.rf.5e51012546b8bfca0c3338b632404cb1.txt,80,1eaea793c830cd50bf2a64c4fe13dfb88e206552523dedcb2915389396863583
labels/test/_img_645_jpg.rf.482011a2afb4322550165f4508069b38.txt,80,d6d1d0f0e24bf11e6a14b0e9636eb342367f4c84f6cfccad9dd4c1bfb9675004
labels/test/_img_649_jpg.rf.cbf0f47b01e169bc3f07086df00c7a17.txt,79,376b22e9d0769279ab70a39a3fc0a3265fb591b03d7b7f4e4c843b36707aa9a6
labels/test/_img_83_jpg.rf.85ef326f9fc02f8ac9f77e298926a426.txt,0,e3b0c44298fc1c149afbf4c8996fb92427ae41e4649b934ca495991b7852b855
labels/test/_img_93_jpg.rf.d60e8cbf2c3c2479e3f6e822147f592b.txt,80,a5666583f8ca145721b0ee7b20c25c239270d61995cd71f119d5edadb8870265
labels/train/_img_0_jpg.rf.137f4c7bfa7f54defcfd82c9b41542fa.txt,0,e3b0c44298fc1c149afbf4c8996fb92427ae41e4649b934ca495991b7852b855
labels/train/_img_100_jpg.rf.44861a88fb31680e034b37bd811bdaa2.txt,79,298a65710689ec5236d24baf4c2127d1ee2ffa33ec965339220912ffe072d13b
labels/train/_img_101_jpg.rf.dbac8e68a64080ddd978cfba33430d63.txt,80,d60e46d2e32d899ccd486f8a8aa5206408f43a521bf85139b3fb57823d89b998
labels/train/_img_105_jpg.rf.6d7b02c93173029623b2bcc7491063db.txt,60,cc3cf1ea843139732005c1d23c7fb99f20c51fff06b7c67c8488ae860df0c823
labels/train/_img_106_jpg.rf.b25898a4e91add064752320c6e4a8ef1.txt,80,84aae5fa3851a7617a476786cb4108f4d37aea8b8d2be97782b884d93bf4cbe4
labels/train/_img_107_jpg.rf.5d10e206cbab8929b313ab2eb23c2ac9.txt,80,e8e72b34c8c30a569b091e1adf8bec6d03ddbed95d6d820ee664de5331aaf33a
labels/train/_img_108_jpg.rf.186d3cf7d8e97ef5803103694ee2d2cc.txt,80,699beec4b61174460527be7d0fca89fc02a73e216692ea91c0e82f8b46910932
labels/train/_img_109_jpg.rf.ae5eae1f91ddc0721b106e06bfdc299b.txt,80,41ad8eec7cae34f3aee1c06ffc1a3a0553f4fe988d5b7f814eb1fe1b561c1658
labels/train/_img_110_jpg.rf.b13b15e299c739dcedd15bcc8b22a2f6.txt,58,5062a212c7c615ed1b478d01b78fbecff794d17cf814768a237a7751f11abd1e
labels/train/_img_111_jpg.rf.d33fd7fd7c66d0505d1746bb84d6de22.txt,0,e3b0c44298fc1c149afbf4c8996fb92427ae41e4649b934ca495991b7852b855
labels/train/_img_112_jpg.rf.c641c64c2d124472056fccb096b55f8e.txt,81,7034c688dae3d1caf3850be4fb234a9f19afc2f8e007a6b9b05e89a31b9fdeee
labels/train/_img_114_jpg.rf.53504ddecf0b3b65a2d2aaaa2311c797.txt,71,b42247ba1ce6f7eaea3e392f2504fee6c00a61d67fbf38f263ff5636b6dc4c54
labels/train/_img_115_jpg.rf.31ca876d2b097ff51c1002a34a1ced01.txt,80,79d85ee8cf4a03ef65830ab3f4b9504486b6fa104cac89bc36ef2d476ea0da02
labels/train/_img_117_jpg.rf.056d664de6c615443a0458b934fd4b39.txt,67,0c1058bc4cee808c7552a532886000a1b82634bdfd8af45b8a0c82cfdc36bf9d
labels/train/_img_118_jpg.rf.aebfe2a3ddc075e50a70d5dc99b97134.txt,0,e3b0c44298fc1c149afbf4c8996fb92427ae41e4649b934ca495991b7852b855
labels/train/_img_120_jpg.rf.e1f611614c84c0eb7a904aeaa8a7f6ab.txt,0,e3b0c44298fc1c149afbf4c8996fb92427ae41e4649b934ca495991b7852b855
labels/train/_img_121_jpg.rf.fff41755af869d717a9c3a5d9d452b49.txt,81,4f7eca11468d4240675b5a590c06537bcbe76d030fa27288f5c5e11015af35ed
labels/train/_img_122_jpg.rf.37428ec81cec5f114f153c1cf2b626df.txt,82,31037e5e605f72235901a3fc2dd81183b3d7aaf4b8f81952fc6fd2241bac8016
labels/train/_img_125_jpg.rf.91ef810e65edb2bf798a344b61d4b531.txt,0,e3b0c44298fc1c149afbf4c8996fb92427ae41e4649b934ca495991b7852b855
labels/train/_img_126_jpg.rf.5360159c2a64290073f84c5da64db088.txt,0,e3b0c44298fc1c149afbf4c8996fb92427ae41e4649b934ca495991b7852b855
labels/train/_img_127_jpg.rf.393df416cf94d3053d88d1deb10f78dd.txt,0,e3b0c44298fc1c149afbf4c8996fb92427ae41e4649b934ca495991b7852b855
labels/train/_img_128_jpg.rf.b69e327a3bce958bd083850a4128dfce.txt,0,e3b0c44298fc1c149afbf4c8996fb92427ae41e4649b934ca495991b7852b855
labels/train/_img_129_jpg.rf.6251b04651ccc5c3d7731e60e667d9c5.txt,0,e3b0c44298fc1c149afbf4c8996fb92427ae41e4649b934ca495991b7852b855
labels/train/_img_130_jpg.rf.275e5474c4936b3837fb5f544c251fc4.txt,0,e3b0c44298fc1c149afbf4c8996fb92427ae41e4649b934ca495991b7852b855
labels/train/_img_132_jpg.rf.6bafaf168bac179380f0e5cfc9c3749a.txt,0,e3b0c44298fc1c149afbf4c8996fb92427ae41e4649b934ca495991b7852b855
labels/train/_img_133_jpg.rf.28bbf07c96cb474c80451b670af81a21.txt,0,e3b0c44298fc1c149afbf4c8996fb92427ae41e4649b934ca495991b7852b855
labels/train/_img_134_jpg.rf.4e566a3403ede9800f099beb821efd2a.txt,0,e3b0c44298fc1c149afbf4c8996fb92427ae41e4649b934ca495991b7852b855
labels/train/_img_136_jpg.rf.77353cfe67cc1a40f3f2a9b60d797b7b.txt,80,fbc1543170fe22174962cc612315bdfd35ec810bc97f6834c2946f46d891c205
labels/train/_img_139_jpg.rf.a1f11d6abda10c4a707a8d6cf0afb12f.txt,60,841063452bed44a54319fe75152a7df68aa3c38a00472d1476959cd38d09a5dc
labels/train/_img_140_jpg.rf.164908d60e23ad73ca0ffda83f76636d.txt,0,e3b0c44298fc1c149afbf4c8996fb92427ae41e4649b934ca495991b7852b855
labels/train/_img_143_jpg.rf.72aec7af42c5dd655c95efff7631d657.txt,49,ab795897ce587f33c6456a87317541cbfc10ef72888d5595371062f11d8278c0
labels/train/_img_144_jpg.rf.bfe91bba68dddcf422d309b28987d4bb.txt,80,a4b455bc7b12435eebd5945acfb2cfad9f513b6e64f6052c5a32f1ccb0d768d7
labels/train/_img_145_jpg.rf.9f67553e3060466a8647e23a12373103.txt,0,e3b0c44298fc1c149afbf4c8996fb92427ae41e4649b934ca495991b7852b855
labels/train/_img_146_jpg.rf.91ec566d3e77056a7a9be5fa849b5364.txt,0,e3b0c44298fc1c149afbf4c8996fb92427ae41e4649b934ca495991b7852b855
labels/train/_img_148_jpg.rf.5a7a05286ad80e452758128da07ec4da.txt,0,e3b0c44298fc1c149afbf4c8996fb92427ae41e4649b934ca495991b7852b855
labels/train/_img_149_jpg.rf.3a3eb17b23c48150e0be5ab68d2cd1aa.txt,0,e3b0c44298fc1c149afbf4c8996fb92427ae41e4649b934ca495991b7852b855
labels/train/_img_150_jpg.rf.1a80e249fb6e2a61015923040a6b187e.txt,0,e3b0c44298fc1c149afbf4c8996fb92427ae41e4649b934ca495991b7852b855
labels/train/_img_151_jpg.rf.da6769bc1b6f021de3a67649820de1d0.txt,0,e3b0c44298fc1c149afbf4c8996fb92427ae41e4649b934ca495991b7852b855
labels/train/_img_154_jpg.rf.53bb02f68da44122feb8d8b27e2122c7.txt,0,e3b0c44298fc1c149afbf4c8996fb92427ae41e4649b934ca495991b7852b855
labels/train/_img_155_jpg.rf.372e3d52310de7e9a0a8f7a7457ae7e8.txt,79,c3f5ecc357e19465b21de4dc8e54cb9d36f9576684a4e912f18180272d24b98a
labels/train/_img_156_jpg.rf.243810af2b5cbc0d5e2591bc7df418a7.txt,79,6680280fa236dac37b8e8283222d5699f9205df9e523d376ec992dd9047396c6
labels/train/_img_158_jpg.rf.7a84c6eb665f039ec03195e4ff5a1109.txt,80,b582048d2cff50fcb8723051fd868357cb2ca4ca454bfb5d40ab33c50ab5aaf8
labels/train/_img_159_jpg.rf.fa3cc8556852e0de0be982c8b279ebf8.txt,82,7e0b6883b8d8479bb3f75a7f7c1f453ea66672eb33e0cd46ca6f9eb54dec57f4
labels/train/_img_160_jpg.rf.100ea075a14e365f45257f2e265c6c1e.txt,54,e50e6b369993a5ea08440a7dd8212ce14c5fe234c04b1f736763638c03c97980
labels/train/_img_161_jpg.rf.50bb80761c1c259bad9d18042e29d676.txt,0,e3b0c44298fc1c149afbf4c8996fb92427ae41e4649b934ca495991b7852b855
labels/train/_img_165_jpg.rf.e28b64ea2a2651b949f10344f6aae131.txt,0,e3b0c44298fc1c149afbf4c8996fb92427ae41e4649b934ca495991b7852b855
labels/train/_img_166_jpg.rf.d5be7d5005c0af7e1084651c53e1be71.txt,0,e3b0c44298fc1c149afbf4c8996fb92427ae41e4649b934ca495991b7852b855
labels/train/_img_167_jpg.rf.49093bcf74842c9a0fc6eadfe81ebf80.txt,67,25435505e0176b633933919ef49c3a0fa659587ef124155eb28849cf064fd5a7
labels/train/_img_168_jpg.rf.bf91df09af913e79ed3696c0126339ac.txt,81,438965c9445b8a541254bd23c32484b3bac640073e547f848d522d3d316bcdb3
labels/train/_img_169_jpg.rf.4eda05db0726dc6756ad6f18b7d92f5a.txt,55,97025a1a940ae69d5a559d489ce66989356149a7a591093769e6877ae651199c
labels/train/_img_170_jpg.rf.7e9f65bc6744bf2390335daeda8d8ccd.txt,0,e3b0c44298fc1c149afbf4c8996fb92427ae41e4649b934ca495991b7852b855
labels/train/_img_174_jpg.rf.36fcabea81dfba8b16b52220b3002c5c.txt,69,1abe8b8cdae94a4028fe9cf1e3d829adc44cc7b3c362dc9eee351b2075b20a47
labels/train/_img_175_jpg.rf.a95f4f82aa8a8bafc200b9f428f7a0d7.txt,79,e4fe567790b6250adf848fad3a63a11c81859468b3233e14861b3467b79851db
labels/train/_img_176_jpg.rf.fc9c784037f81a15b91271fb74f10b3e.txt,80,b14521745579c7d51d4c123dec5b03426418509795dd2711ed38654f7f5dbc9b
labels/train/_img_177_jpg.rf.664e6ec845b6edb64486b4ea69c2823b.txt,70,820e730338c542be8d6d37dfa7f0745aa11b49bba280c6d11304024b39c939b0
labels/train/_img_178_jpg.rf.7bb980522a6ad3ab136fa64f38dd5f86.txt,80,2cde37ff1006d32ad1b844190bb09fe8ff299acecd554b31322c1ce95cd723ff
labels/train/_img_180_jpg.rf.7778add79399fc020b143d99bc4941b9.txt,0,e3b0c44298fc1c149afbf4c8996fb92427ae41e4649b934ca495991b7852b855
labels/train/_img_184_jpg.rf.0f5fd327e6bf5896e4a525a60a535bb1.txt,80,cb25a2c6ba9108bf017ae9b78898bf8da2889840520501b4e31324d793b7952e
labels/train/_img_185_jpg.rf.4e26beb9d2d9272ffff7be646021b323.txt,71,965a7efc97c714db4f4c03cb8805f5c72f18865a4c3bd56778f35a3a695150b1
labels/train/_img_186_jpg.rf.0bbf1a2166983eefafc5cbc62f277349.txt,59,17b2ca75e2adab87763abcbcf887fd03bd26c9b4017648fbc360a2b21434fbcd
labels/train/_img_187_jpg.rf.f6557e82773e881f11a87245b1ed60ed.txt,79,a0a44c2a42142f95cd8a2bae1557748a59b48d9253d59460b18e25919c43e562
labels/train/_img_190_jpg.rf.2bbe1404237d51f17c85d726f96ddcd0.txt,79,857e9b3b3ae63ab6e0b448f797e4e6193c87a2a9d5a9f998310a269db05f21a2
labels/train/_img_191_jpg.rf.2341846b75cfdacd622d174217746998.txt,79,a241ed60bc16cb6683a4d7bb464ccef99912dc6505cf19d648b3724ca11bc789
labels/train/_img_194_jpg.rf.8d25d5c7a2f0f09db3a944e100c7da11.txt,59,8c27f69de3b508b4ebfc26bfe4052c63b9c59be9527df44606b204b31b998228
labels/train/_img_195_jpg.rf.48de9e257786f1220ebd1763cb3a82f1.txt,68,795f2da18daabf91701347085e18fbe325d1f161f823bcbd53d4f493d35899b2
labels/train/_img_197_jpg.rf.7ffc1d6f4897fc4ea96ff6c294082b25.txt,80,f3e6b1e57e4697e79c33bc88b3d9564ba8364fc68db48b81d7edb2a1a40301f2
labels/train/_img_201_jpg.rf.47fa2a7faf50d80bc7500e19830827ea.txt,0,e3b0c44298fc1c149afbf4c8996fb92427ae41e4649b934ca495991b7852b855
labels/train/_img_218_jpg.rf.edc71a690928dd1a9519c19d24efbfbd.txt,57,4b0c5fe63ef8b393094cea568de78ca9cfc7160bb49660331c853afb9a4f3075
labels/train/_img_219_jpg.rf.a72e56817ca771b588449788b309c6ee.txt,79,2058f798e2ffcdad89912bdcfb45ec4a04e26d904437ba3b673daa2df7f1a122
labels/train/_img_220_jpg.rf.e0d002b1d93ac5fa1e78a98510a264a6.txt,68,e832d085edbe5d5d3756dd9d64a1840d2137c1dd34efd620dbf147be9b65ada3
labels/train/_img_221_jpg.rf.0cedcdb7c905ea7d46b0fac49cd102c3.txt,79,a8244f6cfd31bc203be1fceafc078a573776fbda3fb09bb18370eb65a08420bc
labels/train/_img_222_jpg.rf.882b717923601425ae0658d90de2ebe4.txt,70,c2b0ff1c4a8acb83e035e622833f838257a4dc51d816f5449f6052d944785c6d
labels/train/_img_224_jpg.rf.867674381395674e61a128265a8c1c01.txt,80,866102f0efdb6e9eb9aa8a03fe0654edbed639c1c748ffef3aaf31bc73544923
labels/train/_img_226_jpg.rf.3b852058bbea72599563230fd9ca9cb9.txt,68,d1207738f124e7dfa11c8ebefed362b7fd4d0336531bf82f1451bfae92db1457
labels/train/_img_227_jpg.rf.8710c68bedc0db153caeec9abda71c38.txt,83,7e50579a5440c59dda9f2c0546da94e20b200681debbcd5ecaffad79d2df85d8
labels/train/_img_228_jpg.rf.6dcf20d140849b874779175be1de7f89.txt,80,e70456f651152312e7a17ad4f03908ea7675c191a3219e88b55e3ce6248562de
labels/train/_img_229_jpg.rf.3e178f69880084e556a9d5534beb7be0.txt,79,a0625845cbb7f4476fe02b426dcdd20db4767f1b3adf92736c5ea7763e3492d9
labels/train/_img_22_jpg.rf.55e3b76b210eaf57d2fa02c7ad57015d.txt,0,e3b0c44298fc1c149afbf4c8996fb92427ae41e4649b934ca495991b7852b855
labels/train/_img_231_jpg.rf.d993690a83d768a9e0124cea6bdbbf2b.txt,79,ab01a4955356f3d408d90ad7f65690d395e73f943b1385e4bd18e7181f0c2a93
labels/train/_img_232_jpg.rf.3438df8b6a5a95295613e0f82601120b.txt,80,9ed1310612228d2b4a1b6bba42b37801b65ccc1051d0cb61f64ba49edc9ecc88
labels/train/_img_243_jpg.rf.9ebdc2a8ba7b81d9b99a822b365acd58.txt,0,e3b0c44298fc1c149afbf4c8996fb92427ae41e4649b934ca495991b7852b855
labels/train/_img_248_jpg.rf.fc3ec04a64e2b8f1e5568d8e5e26e51c.txt,81,885b8c87f9d506c2ff7f9286e445e4dcd158fc5e908ace46c72a16a158ec405d
labels/train/_img_249_jpg.rf.d21e6d1ab9565c4bbf99c5d68fad202f.txt,79,ccc4e5ff37541001b4fc59613ae3f43a09bfbc62f955b95ed7ac515159e4652c
labels/train/_img_252_jpg.rf.6f04fae658effcc3e67aba88861b3871.txt,79,4ea52626fb9f7b11ab2fbeb333a210b1b6c9e2ad6eba5b9e060420d39c756c4e
labels/train/_img_253_jpg.rf.8da939b14132feed2eafd3c18eacb452.txt,78,c382c9a07ca8270ea54779dbf68152d90b01f88855bc36a7b368bf19e1f37150
labels/train/_img_254_jpg.rf.55c6385602333aae6a783bcef6826e46.txt,81,05adbccc01b59ba93ad5fb4b6f5e6f4243e45467b8c31e38101f7c35b03fab2d
labels/train/_img_25_jpg.rf.0fbfaabbe8c7578a1f5e8e867fc932ca.txt,0,e3b0c44298fc1c149afbf4c8996fb92427ae41e4649b934ca495991b7852b855
labels/train/_img_262_jpg.rf.decb82750a1e3fd33a1314c4021e6ec0.txt,0,e3b0c44298fc1c149afbf4c8996fb92427ae41e4649b934ca495991b7852b855
labels/train/_img_267_jpg.rf.fb064976c3768a6d00bfce35fcf70ca9.txt,71,adc846292a8823b041931a253a9fb73b29c2492736b34b1c76bda2c4790d4753
labels/train/_img_26_jpg.rf.205ed9326b761d2e34d1cd3b405c5f78.txt,0,e3b0c44298fc1c149afbf4c8996fb92427ae41e4649b934ca495991b7852b855
labels/train/_img_270_jpg.rf.6bc4c8d226339907b4793ef8323176c8.txt,69,80db0c33ffb9ed54de4b5cb569e569494d6939d6db63a140e327cc8753946f4a
labels/train/_img_271_jpg.rf.e8fff20013f901855437e20aea339dea.txt,79,b25d9995cfc0c2b420ff5164932ea373f2d322b7661ef9acf771475e2325db42
labels/train/_img_273_jpg.rf.b270db9c3f203d4a49cdb25d51fdc63d.txt,81,a604c7db091a4dc87815450b4133ce939eeb2f39d37c6a07501a5dbc0772ed32
labels/train/_img_274_jpg.rf.9078935899ec62849af95c3cdda6c0c8.txt,80,2e61c39a2f0cd8931c2a08305d2fbb10922849997cd82c5cb4961ea03a1cd917
labels/train/_img_275_jpg.rf.57bbc6e47cdd507129c4860fe860c62d.txt,80,429984829897999dc657db87d5b846cf462d476d7b1d2be60d95d685a15add41
labels/train/_img_276_jpg.rf.24c8b367777cb1108f0f732418f3944e.txt,69,e94c5613379d8c24d723d7dba1f7d213e740bebe8ff8ba3186e2e014e4f588b6
labels/train/_img_277_jpg.rf.53c0d633ff8a25c0b402e654fafcd386.txt,80,5fc7f3131a0294294df15230205bd37dc56f819f3f1c477325f04b558401c6e9
labels/train/_img_278_jpg.rf.aa59d9fa0832f68bdaa4902008763113.txt,79,b3a55d29037af5d5bbdb944537ece7b5df179d52b1dc04c64757be1d49db4d48
labels/train/_img_279_jpg.rf.46bfea91ca6930ef8e3318e722fa663d.txt,80,6ad06610f19ea8e56a5206b837d3ff43269aed26a4fb6b8c8ad2007a41c54f87
labels/train/_img_283_jpg.rf.d7c8de3c8938728b11f992c89a7db81e.txt,80,b130fbc99dff0f0bde43a330a5c87e7e867edbd08b0cff61270aeabcbe724da7
labels/train/_img_284_jpg.rf.d1bd8b3b0eb126a074004e4c0fc6e90f.txt,69,1da8428017b5d03959dcc4df8bb768e17c1d96e3a792026e043abdd7946fb08c
labels/train/_img_28_jpg.rf.b475b1202fbe1887bc92f8b9b365116c.txt,0,e3b0c44298fc1c149afbf4c8996fb92427ae41e4649b934ca495991b7852b855
labels/train/_img_314_jpg.rf.52849c82f5b9545d4d3cfd278f7219cf.txt,80,c99e07a8a572599f16518b8da725c8e1b66d9a72989eab60361abd5002669abe
labels/train/_img_315_jpg.rf.300022ccc4ed07912d69fa9dbb8de845.txt,68,88c50bd7c3bc7b8b123b3b302fe17d79c24ff44956f7dc824073ae8dbc5af8bd
labels/train/_img_317_jpg.rf.610bbf01036400def59f327021a48d90.txt,79,d3828034e9bd77d625dc46349811fbc7453069482143c21a9e3edbf2524a3d7f
labels/train/_img_318_jpg.rf.05593bbfa09ad857b502c56fbeb34b80.txt,70,207630f72e8cb922cf18d974b0408fd1bfdddc6d528db5ddfc9b1bf230dec805
labels/train/_img_319_jpg.rf.d864990a01ae7ec07e9704d45f4edbd8.txt,69,4ec107fc21bf72fba96c5fdb56f946b4e9082df98eda81914b6b2ca9a1eb18b7
labels/train/_img_31_jpg.rf.cf7925669e4532ec64a1c1ecd225d761.txt,61,1dd66773eb4079e9336bba78f98575fafc171c4c06189184ced48f2315d1897a
labels/train/_img_320_jpg.rf.4258fae0eb96d43424e60583b4eb2d77.txt,80,ca6bee395fa19e64c507def5c2d58ae63404e5d55abf6c6f0540b144a28200a4
labels/train/_img_322_jpg.rf.abe5ac5d107149f6bda2a0ba37a2e795.txt,79,acf70d544cb1c8cea7dcf24e9604469317147bc61106c3599b404f1eda6988ae
labels/train/_img_323_jpg.rf.1cdc9afe09de201f85dc13a50c4f0592.txt,78,3ef3cfb533e535e6d35b6642d5a9457748f22ec06b564157508a63be9ade1c22
labels/train/_img_324_jpg.rf.9e5420da449bdf3ab71b3f1e6320b253.txt,80,bb65350b49a92d5ab06de3ec75340fcd24594034c4bd4c1a8d2734eca20c09de
labels/train/_img_325_jpg.rf.a026a5bd656bdc8d7ff71c7081099b63.txt,0,e3b0c44298fc1c149afbf4c8996fb92427ae41e4649b934ca495991b7852b855
labels/train/_img_326_jpg.rf.660bc2a17c78a2d49b65596daf6717d9.txt,0,e3b0c44298fc1c149afbf4c8996fb92427ae41e4649b934ca495991b7852b855
labels/train/_img_328_jpg.rf.cdecad6a21c8fc6162e019db8f7f7e35.txt,67,fae73a607c6b572629a33466c33a1dfd98ab324a30f9b57c264fa4ba216ac747
labels/train/_img_32_jpg.rf.b2a0fda08fdb17995f5a247300d3833b.txt,80,048ee61db461ac54ec68b5902d523900445095f8d3b66ec0b6260fc8035d172c
labels/train/_img_33_jpg.rf.63c3ce99e63b6b014e3bb159472ef968.txt,80,d5683cd0a2edca9c5f9a7e0a69fc0c51dd4228bb230af6659a8a7f92f6cb58b4
labels/train/_img_346_jpg.rf.f71b66cb77508ba9650a2924d0128dac.txt,0,e3b0c44298fc1c149afbf4c8996fb92427ae41e4649b934ca495991b7852b855
labels/train/_img_347_jpg.rf.b1f0f092cd3a951b8974f88aae853bb2.txt,0,e3b0c44298fc1c149afbf4c8996fb92427ae41e4649b934ca495991b7852b855
labels/train/_img_351_jpg.rf.9f7507559c25ca26d46c12e6d985ab2f.txt,79,4fb45bfb4934d4e0038dc70941e3d6fcc08be7d4d1e5d8fc8a026945ca187c52
labels/train/_img_352_jpg.rf.89482d50b6f80c80e96ca9218af14d14.txt,80,da00d0a5d1aa849c924925247a1d25c0a4819205be8cacf5fa2af84c2a17be81
labels/train/_img_354_jpg.rf.a7d7901deead32d6d012531e195672eb.txt,80,85b5521c06725339c6ba30731e27deb60852f56ae438189b4e63575b86b92681
labels/train/_img_355_jpg.rf.045b641d7b63b4953c11aa23e882a468.txt,70,054fce0a93557af9277df1d2e4c29dc01b98d27e958e47c7c3e5f75ac4900c1a
labels/train/_img_356_jpg.rf.64abe3fa33c2687cfaef92deb5fb2ac0.txt,79,c2769e1da495a3baf42457e397d9ae7c016f19732d112d65e3e2591b9badfd66
labels/train/_img_359_jpg.rf.70061e98c2811f5d826cc483732e0ee1.txt,80,1579e31ae45911cc17c56014c4b5f5b275af9d1c89bfa5bd98635f788972c840
labels/train/_img_360_jpg.rf.3d07d26f1974a97e86c6a8bb1af99c2d.txt,80,1464193e643e2702a5d9481b367e572c3ea4b3788234d6be1cb3f70b9504bfe2
labels/train/_img_361_jpg.rf.f6f132f18dee20273560ed3bd266692e.txt,80,88c960e839a1622c8cfba8b46e398faa6a3bb2e32d472bf3c2c389dc28a50dd6
labels/train/_img_362_jpg.rf.e49405297265f540f8e232e937458f39.txt,79,d7772c61de052e97f44a9c4e224160739e21d58789d5af258adbd9180e4a7c7b
labels/train/_img_363_jpg.rf.bb81ad0508a2deddec434f1a052b5cae.txt,79,844e2ede209d75f2d2671bdd1b41c79280f040ad9506aefe68e4dae055caa520
labels/train/_img_364_jpg.rf.c1116e44acb1a18cd559fe946f111b5a.txt,68,076e07b2d2f42640caf0af6d6981cbac4dc5f85d37a5138240a6f1d223845261
labels/train/_img_365_jpg.rf.c74ebe37e98a1f55b0681c469ac34b2c.txt,68,6a398ab9d874e55b9f7e8755205ef9b445dcdc4a2214b01efba39baa35a85fa3
labels/train/_img_366_jpg.rf.89f8bf0b10bc703e6e8e9f24d4575fb5.txt,80,67b025ed65d2b375850c72fb37df151c21632b876597706d11cc45ff161d6e3f
labels/train/_img_369_jpg.rf.66f899af4fc825281ec0ed9c2f703e0e.txt,80,6739de931a84a7285467f28ac74d1ecc8e292b7642d934059ce20f8d24f67a6a
labels/train/_img_370_jpg.rf.b8710a10e5c25780509d27da9f926757.txt,69,843be505d050306b6000c297be0a8a937fd3fc4a15a008dfddb34531c6f50c15
labels/train/_img_372_jpg.rf.2ec6d024de5119378cd38845bb044c6b.txt,81,fb226ac68114c9b2a801e4750de5183aeaff17f0e4fa438d4be4f2dd9a9624dd
labels/train/_img_378_jpg.rf.c7e3a5aa2b37e1c99e73d424de513b89.txt,0,e3b0c44298fc1c149afbf4c8996fb92427ae41e4649b934ca495991b7852b855
labels/train/_img_388_jpg.rf.1bf8d5a0ba1fd40c9e223e8b589af283.txt,0,e3b0c44298fc1c149afbf4c8996fb92427ae41e4649b934ca495991b7852b855
labels/train/_img_389_jpg.rf.dfd0376c3e2bc8eb51d8f3d7a6676975.txt,81,3c328cda374e8653f0392370d9f44ed3b0344ebcfbd3515edc9e639dab9eb1ec
labels/train/_img_38_jpg.rf.b06c6bc7c003a14c4068cab45b2f5e65.txt,80,b186c8c0dc68ed27170132695573fa5c79391420b066f1d5d81775c68dded3ab
labels/train/_img_390_jpg.rf.6464a7350a7b15ad783edee9efdebd9e.txt,81,2117a01ae571de937fe8356be5b8391b092fd18558139115fdfc34a4560f9c71
labels/train/_img_391_jpg.rf.2aa09a45d30b7ce458a5525745a0add6.txt,81,0e4522eb7456250656a1fd4cc9dab163514faaa644f2d84b8c45eb1a32e2feb7
labels/train/_img_393_jpg.rf.cffa26e8df9d8ea960a5d17f86c17205.txt,80,17fcc3a0ba325052de35682fef21259f1676e72885c79f3f526b5a66b781112f
labels/train/_img_394_jpg.rf.b8585847b0ac9746bcf5bf8ca0dd062b.txt,81,6cc2f5e61ed32020e583ff4635babecb38f8991b51dea23fde289c6e05a8d03e
labels/train/_img_395_jpg.rf.83e7e389e4e13deda8cc68d850d99ec6.txt,60,e70f77f2a0c9096c783fc0908dad31354267234ad9b691bbfa5df121a3a26a4c
labels/train/_img_396_jpg.rf.86981f4a3a4661fd88fc4d3f061b6d7e.txt,68,3ef8197458e53aabf48bff7c383f27e95e6ac5e0e0a57ecaeb015a6eacb183f4
labels/train/_img_39_jpg.rf.3e16d59da2bb87777c721068f3d6dab7.txt,79,5f30d7c6e57ebf819c802bb7c5cc53c9cf7bf07c4d7c6a0c84818546768e0c12
labels/train/_img_400_jpg.rf.9d8c21620dc6e59f7059f30f81c71c31.txt,80,1035ec700f39f0ae1052599916c8bc507d98d1f7753932460170b915055207aa
labels/train/_img_401_jpg.rf.1ac27676d41effc93db26f99bb6c7d0f.txt,81,857079cd56bf6a73f5ca095e9b26b6816da01c3a2ff043ff5301254541d56a0d
labels/train/_img_404_jpg.rf.91b86a6857344da2d86aacf92db9fdb6.txt,80,bc2734c6f81bbf80eedb01c94f8459fb381302b840073ebb1cd337f797faf390
labels/train/_img_405_jpg.rf.4798c61d774f14057ccad5e42801551a.txt,81,01ee82dbef341d40e876903dc798f4323aa1026c97703b9ddc51d0061916faca
labels/train/_img_406_jpg.rf.9e82a70e49f071f6dd3cb8f5bb4b9fed.txt,81,d2ff34f5a7911cc3f2b0add6ae06778f8d481df69dd7770879ee4b5bcc29a42a
labels/train/_img_408_jpg.rf.d69472d11d03af50fa5cbedb669f50ca.txt,82,842a5508df1c401405cbb5226e75c58aeef2a413ea906f311b3bb25603aaa009
labels/train/_img_40_jpg.rf.d6156c6358f05fa3245e85f52570b2fa.txt,80,bfa1dc027bd56c75bcf72bde2d37ab8735cc24231e52d3c57b37caccbd9dd754
labels/train/_img_410_jpg.rf.2d2a8ba5b61794bfb8f8ea455d77f512.txt,0,e3b0c44298fc1c149afbf4c8996fb92427ae41e4649b934ca495991b7852b855
labels/train/_img_411_jpg.rf.70cf1564fde1ac8d60e6f02b73f195ed.txt,0,e3b0c44298fc1c149afbf4c8996fb92427ae41e4649b934ca495991b7852b855
labels/train/_img_418_jpg.rf.ddd82e997aad64bae4bb0c427681ee66.txt,81,d6fdebf0a0d1d998185fcecc6079a29d53aef67c91785b1189d6c0ceb138d668
labels/train/_img_419_jpg.rf.4a76447908be0d29360d3b47ffd36bc0.txt,81,6a019374af06858e73c00bb8dd077bb77fd91fdb6c75b2360872ddace5687958
labels/train/_img_428_jpg.rf.cb31b04f89d15f252a0e29d87e24af1f.txt,80,cff2190d113b6b19885fbaf20ad26216d1bf37dc5945eb39f65016898263ac7f
labels/train/_img_429_jpg.rf.9179fc82101098cbf248a9f745c85449.txt,79,e0e53cda364da089b16e62f90d0f6deb7e136abc21dbb2acf9c13d40ef12310e
labels/train/_img_430_jpg.rf.1b1c6757d3fe9d85f14105e1caa98a8f.txt,65,24a7356f1e84f8aa47c612db7f6eec1663aa58baa3ea0d5bd4c15fe36fd12f2b
labels/train/_img_431_jpg.rf.0dd7de5c6266f60b134607c5bf5b5851.txt,79,52651b919bafd80b89eb24535e80a928e8eb6169b4fddf83920b92c991d7ffe3
labels/train/_img_432_jpg.rf.5f9b884ff5f2c5f73983a9910c10e627.txt,69,91caf240fe87941085af10711fc0b20eae6b2a231bf87cb8f91ca16ca14cbf67
labels/train/_img_433_jpg.rf.13c260ee3b06f62a3eb8d7c2c20aa6de.txt,81,8436ad63421e3a16abfcf49390a86c09adab0f9b2114e070e8bf1b7c47cb847f
labels/train/_img_434_jpg.rf.4c2406488161e33565aba15bf6cf8547.txt,81,6dec74c489ceb27d7841bc102f03208295b6ce8e2d9bd5c66873a002fadf49f8
labels/train/_img_435_jpg.rf.dcbc8923e8c2b9187ad87c4580251bcb.txt,80,6b3d1480707b31d5e908898d706db0b26b01c97a7d7723bf9c3be383d7e6d758
labels/train/_img_436_jpg.rf.b464877e5accab0fe07a10dac7403632.txt,78,9bd2d096d06f0f809b51636a4d73582352b2bd3f8453f512efaacb8d2d3db43e
labels/train/_img_440_jpg.rf.32f96d93a92b187969150ce21687b0ed.txt,82,b9439f6b676bcd663a9fd399aa43abe5b5d7b4d2b773fcdf38aad738d86cbf11
labels/train/_img_441_jpg.rf.087defa5fcde4a054f4c3397853b8788.txt,70,906ea99024bffafaa0de7b6c6d15affddb49ac72db130553318647bdf99f1770
labels/train/_img_442_jpg.rf.8fa4caf8108d634b9d79ca8639e35e78.txt,67,23c70af7247b5c633f555418e4b6c067a51db496fb63d67c92d469c4b56328f0
labels/train/_img_450_jpg.rf.dfe818d41e325836be081b774ce28262.txt,58,655b55c84261e777624785b110eb416895a229467b4b87097c0589574cb9c641
labels/train/_img_454_jpg.rf.c0cd1dbc8f2e277948d82114c895dcb4.txt,80,675ca610d4420e44179d366b97c745aadddbed2fcbd3a2fc141c703cf847008c
labels/train/_img_455_jpg.rf.49c55be6a62bcc86c44edfda30c240b9.txt,69,c2cb3f05e608f9e99371e8da2cc48c7288fbc5ccd9e6d3615d69ad0f75c59737
labels/train/_img_456_jpg.rf.fcc61a2d20269b6f0aa36c532e322dde.txt,81,4cb2e3d6edfb01424bcd8f0f8312d27fa55a8952cad221c4364514531b985c81
labels/train/_img_457_jpg.rf.135afbf6917b2a02f893e84263e31c3b.txt,80,61a09e1c3fad3cfe1dcfd5f4fab29ba305d5eb583ac2925047a84b3a5bddadb0
labels/train/_img_458_jpg.rf.901cf341f487bc3b7c2d0d30e80221b5.txt,60,6a40002217fceee6bab97b2466faf6d1c9e0eea2246bf46694600a9779cdfa53
labels/train/_img_459_jpg.rf.1b786fc479b04e891eb359ac1b1ec134.txt,80,c9d96d3a0bbdf539200c2008f826f36603b16437c8d2961e298e4a6038a546fc
labels/train/_img_463_jpg.rf.b0116d6ce51014abf4b7ce72d94c1d3a.txt,81,be4e0b59aac6af55c63e800700045299312aa8e9b8f6a98d2e85574544697582
labels/train/_img_465_jpg.rf.568e0a00f69cf32dc14df40f4cf318e9.txt,0,e3b0c44298fc1c149afbf4c8996fb92427ae41e4649b934ca495991b7852b855
labels/train/_img_46_jpg.rf.642ef1ceead715b263ec1e0afc5e8728.txt,69,a44f6eecebd05b64dd5f48c990e3038ca6f47e97d5ea877f4a5f486376faf455
labels/train/_img_472_jpg.rf.348621dc924c9db17822fabe73312f8e.txt,0,e3b0c44298fc1c149afbf4c8996fb92427ae41e4649b934ca495991b7852b855
labels/train/_img_473_jpg.rf.252645fba9beadf811ccfc137d3b9547.txt,56,089452961c16d9442606240e83821b4c3b537dcdea54695b4b4974c05eab0580
labels/train/_img_474_jpg.rf.b312dab9d68cfac15c1c87ed5d15fdc2.txt,79,5205646bfaf1f091d9a493c460a79fa0fddbe08d6cfd5c7b7be0025510da6d68
labels/train/_img_475_jpg.rf.720ecfac4131d69865075eb323e1f229.txt,69,04550c9f78da6a0de3d823449fc914a974af8fee3142b575ae85ce650ac12a7e
labels/train/_img_476_jpg.rf.7da7f00ae2b55be31d9197442c32d6b7.txt,71,9cf8a6288848bce04fb75e58cc4dc6b1ded8ec92b227da66820da028fe9ad6aa
labels/train/_img_477_jpg.rf.79fcb4d914591569d83635c8aaeb354a.txt,79,ef2132a9f5c6c1eed43e9a3a5c4c7db6c667214de449e1b6f2a97896dc2e62eb
labels/train/_img_480_jpg.rf.a9647f7237522117abbd4d4336744132.txt,81,6a5dad9790936419dbc872615c6509b8c5b3847fc60ce62c9e45f3de7fcbed79
labels/train/_img_484_jpg.rf.44f592dcb4856a11f7cd7a798703edf8.txt,80,39a41344299ad3e661091073a21106fcce3994835e294be12240febd00c8b341
labels/train/_img_485_jpg.rf.c8a60ffa1dc2f1fc474cbf99671a35e0.txt,80,5a0e3166acd9232d73caedfd927d29c71221398bebb21722aad431f58fc7af26
labels/train/_img_486_jpg.rf.705de5dd0e05aa5304c0e284d57306d3.txt,80,a7e9b48c3185a95aa85631ea81179b262436778adc84cc4d7a949adf1ece0b54
labels/train/_img_489_jpg.rf.50918ba2f31d6f851591e39c1b36c770.txt,0,e3b0c44298fc1c149afbf4c8996fb92427ae41e4649b934ca495991b7852b855
labels/train/_img_49_jpg.rf.239684b90b2a953a22868eba98027f7d.txt,80,36fbe620e8900c07c06288ec9e0ee7ce751ca3f31e44cea0427dbe4c067a5388
labels/train/_img_506_jpg.rf.02697e568b0c978e21eede4a4370c398.txt,79,a7c1528dfad6757e5b46ef14c4ea04056266d10d0e98e6531cfb0b5192386b11
labels/train/_img_507_jpg.rf.265daa777babbb86ce02910c0dc4d2d8.txt,68,386d076399032d34ed3e31f02417523373307fe41fecdc23966fc665b6f2473b
labels/train/_img_50_jpg.rf.ac78e6c9153293c72f885d787b266cea.txt,79,e7f9892e843f3ca5c89af460d8adc9aa2bbfbc626c69f79ea2dd5f1d5dafa8a7
labels/train/_img_513_jpg.rf.07dc7f8ba9b5f3e2899a98befe13c1e1.txt,55,1c072e5d030c45e5a3001d8e8f425c34675ca53638e063bbbac39f31edde6181
labels/train/_img_514_jpg.rf.30292dabce2ae2d836cb8525f71ccfeb.txt,59,923f1df743b4c1fb1adb6b80461f731dac9ab2b2c4d8e5463707847358376c22
labels/train/_img_515_jpg.rf.6d1385951ce4ac50dfe29d46d0b2fe7a.txt,82,08317be685711a2657bb401d8157285f795307e3e654407444d44dad6eb344ca
labels/train/_img_517_jpg.rf.d1d6d872e00a235435ed82995d282eea.txt,82,a5ffa1a1a8424664c898ce17202d190ccbb393da776837f3ed345c6ed7bce32c
labels/train/_img_518_jpg.rf.247df95285c399d547580851fa441190.txt,0,e3b0c44298fc1c149afbf4c8996fb92427ae41e4649b934ca495991b7852b855
labels/train/_img_51_jpg.rf.ce9d2adad7b15e1598625942796bc3e0.txt,78,96a210e21220779fb84ae6415dbfa7019e95c2aee85000c84f2c38894ecd216a
labels/train/_img_52_jpg.rf.3ac2cde95e12391aea48acb8a7d8bcf8.txt,80,c11a8d4c094c4ba30915d04afcbea2525734bc6eec6ddbc40ad369ea3d8e8bf6
labels/train/_img_53_jpg.rf.52199308242f657c6d07fff40eb49590.txt,80,4cecbf3fc3c0007ce72e8ae47bf028e28856016b89c25c480b2745c52c673439
labels/train/_img_54_jpg.rf.a0c53f54541e250d0df7f296353be323.txt,80,d38d429690baea06dcd50752f63a871b6c6829040bd946f5bf4a4f88484c4470
labels/train/_img_554_jpg.rf.ea5a0ae5c8686ffb7eea5a1757d4df86.txt,83,1feb1295269d5cbdf673a16f6e245bef63e2a9dce0b485a258beabc8cc92e63c
labels/train/_img_556_jpg.rf.1e1df506e699ef988bb4d437b3b48d92.txt,80,cf414353834510b86ba1a9b18a8f88178db6047ecef55d0c030f8f72e1139033
labels/train/_img_558_jpg.rf.75e4368aa1613e25ca3ad563580881da.txt,69,345c81dbf397571ecadd070ce3aae8bd54c54eb729e2a4ccdc4c38a7584d24a3
labels/train/_img_559_jpg.rf.887ca87d3e9dccc69971c4420948547b.txt,79,9782caea353d6fae16592cc1a46779315245840cf422620f6f2258bd91b9f94e
labels/train/_img_560_jpg.rf.a069b88add28d1c7c8ea2964338b2c6f.txt,79,99b9940cb86088c91a6874f560ca71281d823fdb9f4fe3ed24ee7b7702a46b8c
labels/train/_img_564_jpg.rf.356794c53e167f939469f155cbde80ac.txt,80,ead662ab7b9e4b2542e0d2aa0d515efe7c5c9bcbd15fc5237ec7a94c59a1a325
labels/train/_img_565_jpg.rf.0966e38c6f22624b1aac07a8218e016b.txt,79,61decfca7a113917a20bf5928f4378305ff62ecc67f8db507cb31b8927f806aa
labels/train/_img_567_jpg.rf.eb0cbacf53b1bea155a06a3d6bb0e2d7.txt,79,400b43c2771fbb42fa37a6042e82d14254cc55a8f225005ab551a1ffdb135907
labels/train/_img_569_jpg.rf.3dc86efd9a2ec8b9020b77e1901b4300.txt,79,55fb20c9b4e9a36bee975092cafdfeaa22a1b4f9cfa3ac633733c32b2ee7af6b
labels/train/_img_56_jpg.rf.931fbeb5d0ebe1c81bccdd615a8d07e4.txt,66,e99bfed40b72c1f70323ec27bf69fe8d1644d40dc09ba47bb45b24989e8a4062
labels/train/_img_573_jpg.rf.77b6753c4cc65eefc2213f6e25e66b5c.txt,79,f173b144f263bf1937db7aed983cea87b38212ba0425270da4e57fde78bc0fd6
labels/train/_img_574_jpg.rf.6b3ce47a71ebc6f8a62f821540bf95a1.txt,80,16eaec7b3d6268c6c05f3e9aa5b28d5a6879c770a9973fb6d0b42e9867ac017f
labels/train/_img_575_jpg.rf.d6b1ffcbc095088e3b958cbfe27baab0.txt,79,e30fd3f8cecc70c5ccb67b9d05e4c8ad6f059a2161c12ec1a4960fd8875c482f
labels/train/_img_576_jpg.rf.fa1ec54a6c702d4324dea2fa5715762a.txt,79,f173b144f263bf1937db7aed983cea87b38212ba0425270da4e57fde78bc0fd6
labels/train/_img_579_jpg.rf.962a55f221f014248a922883d6f3b863.txt,80,aa967a39958e66ba4b908574f6ecdef2e19e3256451ac8f660e3b175282d7c6b
labels/train/_img_57_jpg.rf.78004a43d4b1454adbd95c9745edff2a.txt,71,96d2fb8af67b73fb3cc4f7403152e70bbc47f5de535acf4a94eeae1a63db1f6f
labels/train/_img_581_jpg.rf.97d69febc1d9b4525dbbccbda8e74f07.txt,80,fd4e52f335ba120c0c3b43a8aff26cc6b02b5b0ee54e13dd56022b7c517fa1e6
labels/train/_img_583_jpg.rf.a89f34e39fa0929e36e81fe5ad3fefee.txt,79,400b43c2771fbb42fa37a6042e82d14254cc55a8f225005ab551a1ffdb135907
labels/train/_img_589_jpg.rf.f2bd16dd56aaa97e22307234516979fd.txt,79,383b5b9769863c9e0bfd32cc418a35dfa9f4b4af640e0138cae8cab1fb083ba5
labels/train/_img_58_jpg.rf.125f2cf38041983aeb7f7ed9fe2f90c0.txt,69,5b57001524c7ccb6839895f2ab6cad3bc8ff67bf96359e5c130ce1a60dfade04
labels/train/_img_590_jpg.rf.507cfdc38e3c414ceef71ed1473317fc.txt,79,61decfca7a113917a20bf5928f4378305ff62ecc67f8db507cb31b8927f806aa
labels/train/_img_592_jpg.rf.260a6844e60998900768eb73ce38146b.txt,80,ead662ab7b9e4b2542e0d2aa0d515efe7c5c9bcbd15fc5237ec7a94c59a1a325
labels/train/_img_594_jpg.rf.8b275d53b2647d8c652efa2dc0a757fd.txt,80,1320525e3a64b1e82da0da2bbf3d9cc7b01b2eefa70e7b65b4358ec7ea529fa8
labels/train/_img_595_jpg.rf.dec323c2dab155aa392edbc1841bd710.txt,81,b17b0bca9667e7ee808546d75669b6bb87a7bbe18c1faa3e91622baa049b9ef1
labels/train/_img_59_jpg.rf.509ada7e5563a540597c96bd69f4740a.txt,79,b1a73e7ebc9b9cd27f1f87dd1d0b3ceeb0596d4a03cac0b986769dff71aaea8f
labels/train/_img_600_jpg.rf.164de8f25c2e8be7a822926efd16a91a.txt,79,3a1bfdb6a8a44ff4d174e1083ddd6b967f124b653e6ba4ebc2fafef6f161687f
labels/train/_img_606_jpg.rf.db9a720c099bcc7468d3c2ab8128534c.txt,79,400b43c2771fbb42fa37a6042e82d14254cc55a8f225005ab551a1ffdb135907
labels/train/_img_607_jpg.rf.68837d1946bbd7a3a24849777dc41d99.txt,80,0ed27e82489be05822cb451a6910fceeef909bc666b701b5380a52405ccd1cc0
labels/train/_img_612_jpg.rf.c8baca2ad07d3822da88db0fc37aa1ca.txt,81,17ee716c3181ee5fb4d9a6e655805af60356da8d388b8dccc10538dedfe231ae
labels/train/_img_613_jpg.rf.8ac6adafeb3550720de79165295829ff.txt,70,48cef6f36e3a98738e27b5182e75150292b5769443c84d123fbf0c450a8b3e3c
labels/train/_img_617_jpg.rf.6edc9a6ccbdb026ee5bd4900f82395a9.txt,68,673b0922e84483d6806136d8ded1e38a3bcef114dbc77596a7ffd6c9842b60de
labels/train/_img_618_jpg.rf.9924640b7ef34c49bc0f97accb68ee54.txt,79,42a752d1b119fec279de4d5fafdf05c2bc41215887a6947cd2249ab8dede4a06
labels/train/_img_619_jpg.rf.6c1bc424dce05faaddc14193efd00026.txt,79,862832f98bc7d59e52479f8140274f032049fc22effb8c175c20722076f44e3c
labels/train/_img_61_jpg.rf.401e1a2a5b3eb6ae30998cf3c0d91b4d.txt,68,b1b074846bc2c982f09c3e887516179813cbc721b21d382db93335980489469d
labels/train/_img_620_jpg.rf.6f3fa65e2d10631878419a7f8ca66122.txt,59,9aebc413a553116330eb9b4a18962b7aac44ea01d50b4bc4ef307bb42912fbcb
labels/train/_img_621_jpg.rf.c76da3226b81bedcaab3fc2ee45f5271.txt,79,2a60d121e209760e515211c8824197976c4c76ec25c42e1f716ef65b36a159dd
labels/train/_img_622_jpg.rf.dddd41a1f7077b8a5872aa4faa9c946b.txt,80,c6074db6b8ef1c58bd5d5826ce508ad4e38142c89cd640c9ed363f4204c2d3d2
labels/train/_img_623_jpg.rf.df4eb51ae26ae7b999dad28906e7556f.txt,79,6d75148b1494fa6ec28a6e7928f53576fc62cc68b67f51475ae363ad53a33c86
labels/train/_img_624_jpg.rf.263065273001e76e77143ab017bc7286.txt,57,0ff4738e3319dee49c7b8f4251049844c4ac961e2e6d26f7e81e652054d02e0c
labels/train/_img_625_jpg.rf.bc8612cf4920430d3656ff1ac07c5c12.txt,79,9b5e7cc0b19f354f9fd2b29e1e4bdfe1d26c8115eb1803e6dfe0b9c95604650d
labels/train/_img_626_jpg.rf.f81004db9e0c7d049b73660c31f82a18.txt,0,e3b0c44298fc1c149afbf4c8996fb92427ae41e4649b934ca495991b7852b855
labels/train/_img_62_jpg.rf.d57b2d6bd3e25753c30c76fe84c75dd1.txt,68,83dad4808c5b68d544e8fc9554b7c7495d050ad8bf74beaccddf515445acce3f
labels/train/_img_633_jpg.rf.19fbe58acd8ea1e39d899f30b862e61e.txt,81,29314e1529a55d549c5a2a10a710229f8c7a9f570ccc835447641e6e4324381f
labels/train/_img_634_jpg.rf.ae2f4772a53243a7f5c47ae6fe907c16.txt,81,aadede74501895540406d359e51d33bb29a5182e4cb658ffb93abf4eaeef84e3
labels/train/_img_635_jpg.rf.76f0eaa4a7a1572bf1c4524c502082dc.txt,69,c8fdcde657ded271c2a1a60ab95c65d291c0856b58e8b82762e1d1eb7c805427
labels/train/_img_636_jpg.rf.0f884a3b7c672ccf2d6299f4baa632d7.txt,80,3373dea7cc83ec47e5a51efe0dfafc35324a8ed6b20a1e2a9b57d4a187e38749
labels/train/_img_637_jpg.rf.9a17d607a8330a7f478326795ae23f20.txt,79,3a57ee28d490c7bbb7add1886ea05872ab234f200642af91eb3a4616e0932e25
labels/train/_img_639_jpg.rf.3b9d75252104a9a6f0dfb94f9066cacf.txt,67,64950e911ea9acc3a4a48d470495a8687186f02d79eb6a838c7c4426ffb3681f
labels/train/_img_643_jpg.rf.f73258a6f27be8261210b98ddaa3e57b.txt,79,3a57ee28d490c7bbb7add1886ea05872ab234f200642af91eb3a4616e0932e25
labels/train/_img_648_jpg.rf.1ffe3058a4338a9bc09e13708cd50c18.txt,79,afab60584ef6dd5f70739f84106403222a271e25063d33ff1646b1f632a6dfc6
labels/train/_img_650_jpg.rf.78c3e8deaab78443cb12641ff05a34ce.txt,79,8d5e46fe850fd2000fd598da8718d6df8ec3f5c5357d5b4e2a524653def37121
labels/train/_img_652_jpg.rf.0d7a40ecefc1120f6a5b913b4a7e738e.txt,78,fa6d3474042fde59d1b353882d9d21d5e0fb3140d4a97c53da3fad7fb8675f0d
labels/train/_img_653_jpg.rf.73a39f19f59cdc7aff81f505d5bcb6cd.txt,80,11f9aae668a9c4e254a2c94e90fe0cd93a6ca5e12aff65c78828c22c5fb253fa
labels/train/_img_654_jpg.rf.6c4c0d8f94cfb057ff66bf2218e9039e.txt,67,7b5bf64b4f13d5d8e95be582441f8a941dcce98b46869a48b884978aea0f5cdd
labels/train/_img_656_jpg.rf.6d47535f4d0ee89e26db10a6a4dc0e0c.txt,79,91441eca5432a5f8aa2e41e56e4ec71c09203bb5bc445a7a3bebf381a74ce95a
labels/train/_img_658_jpg.rf.e856589a82dea54356703be640ccba2c.txt,80,ced2f68ae0c512dba710b2a8e40014b585366c5345023c9b94376b9d8abaf0bb
labels/train/_img_659_jpg.rf.65e33549dc92cc73340f81dcb00fb24c.txt,79,91441eca5432a5f8aa2e41e56e4ec71c09203bb5bc445a7a3bebf381a74ce95a
labels/train/_img_661_jpg.rf.ea60098c6c9a15735b20d5875316eb22.txt,80,7748ebacb74702e5ec5312a226616fb071468d7badb7503502059c2b01632ab3
labels/train/_img_662_jpg.rf.3ffa0ccf859a8f7cc3b2534b80421145.txt,80,1eaea793c830cd50bf2a64c4fe13dfb88e206552523dedcb2915389396863583
labels/train/_img_664_jpg.rf.6869290edf4eb426ee3833b25bfec1ff.txt,80,1b9bf2894fcda6182d02e6a76f5d1c91cafc082b43b5ebbe98eff069d8987289
labels/train/_img_665_jpg.rf.43256398be991346f0db588ab270ef85.txt,80,7748ebacb74702e5ec5312a226616fb071468d7badb7503502059c2b01632ab3
labels/train/_img_666_jpg.rf.9a8f2afdd034eabcdf77c6c52e61e125.txt,67,7b5bf64b4f13d5d8e95be582441f8a941dcce98b46869a48b884978aea0f5cdd
labels/train/_img_667_jpg.rf.b763490117ef19da430d215fa2705f9c.txt,67,8e11adbd14bc8bd71d87ce0cdaf3272781e373998e74690a1090fffaa689937d
labels/train/_img_668_jpg.rf.6874a8a8ec9353217a56d61d7c192f81.txt,79,857cddbfcdd8168359a7e51fa50ce6bb6ebe9b30c2abb653c3e5367d5d6b3bca
labels/train/_img_670_jpg.rf.468c2722d8d8c0d3d815fe118faee422.txt,80,b300f1afe3b164e0969d1981d0ab0aa52ec8847d149df7b231578ea0c49f55a9
labels/train/_img_671_jpg.rf.6bbc854f9550de603f8ce900d67c4073.txt,80,a0a232cdcbc9c3cd3b3e4241d3c06c45f8adef37b9e645dd83b85c867831fe8a
labels/train/_img_672_jpg.rf.461425227d51f7b0864a71f324bb0a9c.txt,80,0dbae1abeba0d9240dc5388590b96e5c199dccb6c7fb3b818ff1d108e675240c
labels/train/_img_673_jpg.rf.a9cb7e632297ea517cb7349725a19723.txt,80,5b1c5164551752479798d2678cdd13ab1ade4f13c37e850dd13863ae8104c66d
labels/train/_img_674_jpg.rf.92c77b6cff371fe2a8854d05f3ed9740.txt,79,756aefb13860d6af949dc482d487f7ef70dc7583de1e83300f1f49c65e9e048d
labels/train/_img_675_jpg.rf.830d67256cec7cdae18a50fa673662c6.txt,79,756aefb13860d6af949dc482d487f7ef70dc7583de1e83300f1f49c65e9e048d
labels/train/_img_676_jpg.rf.9c8975affbe6f529230f33a4a23e2040.txt,71,d5089a9fa34625c4ee5689c1c6dda8a7d5dd85a931c18a056de9b7c9ce6c76fb
labels/train/_img_67_jpg.rf.6e29acb88c21edb013552d007f13b6f5.txt,0,e3b0c44298fc1c149afbf4c8996fb92427ae41e4649b934ca495991b7852b855
labels/train/_img_71_jpg.rf.9ca89fe3fc2a30e28aad797a8cb2007d.txt,0,e3b0c44298fc1c149afbf4c8996fb92427ae41e4649b934ca495991b7852b855
labels/train/_img_74_jpg.rf.0ce8da728a573d4c37ee98ca87891be9.txt,0,e3b0c44298fc1c149afbf4c8996fb92427ae41e4649b934ca495991b7852b855
labels/train/_img_78_jpg.rf.3d88c2f45d8721e80c8354ae1c1db1f9.txt,69,3f3ac35d664bb31a796647644a275fcae2991b1d6688c3d0196e4fb87cc6ade6
labels/train/_img_79_jpg.rf.d60a0aaf8baf24a9b4910346d0c0a861.txt,69,8bc4c2226910273e026895aff7e1285de2cb2a5e9981deb30da10226958d7acf
labels/train/_img_81_jpg.rf.fd9d340f1779c4962839f6c0ccff39ec.txt,80,873cfaa3182236d7ec0e71c09fef3e62737db3db393e35a77d611efb8e731316
labels/train/_img_84_jpg.rf.2f899a91f42f0518680546309219aaea.txt,0,e3b0c44298fc1c149afbf4c8996fb92427ae41e4649b934ca495991b7852b855
labels/train/_img_85_jpg.rf.1852313ca08c2fc015e11ecd9cfb9aae.txt,0,e3b0c44298fc1c149afbf4c8996fb92427ae41e4649b934ca495991b7852b855
labels/train/_img_86_jpg.rf.51e6b1e3798cb956edeaaa1a7e751bb4.txt,81,b37b53dab76c50d0550350477398582b481f23234b90ac420e6b8a67e5240d8c
labels/train/_img_87_jpg.rf.b32fa272da6fd4da3ec80940ed2d73b6.txt,81,a3e46d327a0a5b685845043de17d669e0de8538082911e973a74279545959c5c
labels/train/_img_88_jpg.rf.3b8cb82d6d3573d88918c96dd10122ba.txt,69,a0704ad19dc4a2702e615cd1cf2edacc81f396aad63e022f56e5e3dff42875cf
labels/train/_img_90_jpg.rf.77be7c0cda4c71c40db36d824277ab05.txt,79,bb52eb129b64da4ee09469eb0ef5be025becc90a68aad2777e61ca718e9d0824
labels/train/_img_91_jpg.rf.af3ba142619ae613dd17b60d98b63d8e.txt,80,b3d33ab455e385fa6e0103c9d39b004779fb540b0f5d901dd20356e49ac422fc
labels/train/_img_94_jpg.rf.53e5d4f1af525de8f8102c33caa55758.txt,80,5a06327ab57a66df7089fa0fad5c9f806822ff72feb43f1ca66edd8c561b73a8
labels/train/_img_95_jpg.rf.d2fed3217d885974cefefdcbf5ed777f.txt,79,4ee0e2373d8fd9f8a63148b1fb9948fa60d8e9e08cc493ccdac4d954be3d0595
labels/train/_img_96_jpg.rf.7acbbb4e3350d2b2c02153d4fa05d901.txt,70,fcbd331de3f3f7d20af24747dca0ca67d775318894069277eed87fb23289f2b6
labels/train/_img_97_jpg.rf.7286192ebf38313eb868eee9efe4d759.txt,70,342dc219b46c20cd956d89a521ca90ceff0740fdfc14d6616852fd467e594c85
labels/train/_img_99_jpg.rf.badf0ec1cb731d935e71a185a3eeb005.txt,69,d14daf9dfc6439227a44c01be1d1a4fa8298659907003e6b7de96c714f325812
labels/valid/_img_102_jpg.rf.15df5e44c1609a03e07b711ad83d05ca.txt,80,9b26dea3e77c1d1b990eb6988878c0a5dc352437201ff76def465a62ac2a7e3c
labels/valid/_img_116_jpg.rf.88ee97142d1bc5a0084bb9c44eb473d4.txt,80,0789e1f15e262500cc5dd8215eb422c149f69d1751f6f72f0825ea97ebac1402
labels/valid/_img_119_jpg.rf.a61f32ba58554a90e079b1e4141e9187.txt,0,e3b0c44298fc1c149afbf4c8996fb92427ae41e4649b934ca495991b7852b855
labels/valid/_img_124_jpg.rf.da7e156fae5fab06efb97a50320dd9e4.txt,0,e3b0c44298fc1c149afbf4c8996fb92427ae41e4649b934ca495991b7852b855
labels/valid/_img_131_jpg.rf.a1d63e428aa38961f98962e34a4ecdbc.txt,0,e3b0c44298fc1c149afbf4c8996fb92427ae41e4649b934ca495991b7852b855
labels/valid/_img_135_jpg.rf.d66fe5a4fa48e59f15f0abe214f83040.txt,49,4d8351c30999395578f2056ac24b4c16b9804a3487fb5f1e9f0f7042159de065
labels/valid/_img_138_jpg.rf.33c6392c2626230ba5b178b35821eef3.txt,58,579b5902d2d2b1d49301081ed5a4664e7620f76a7eadf1fe77cce504cc7204d9
labels/valid/_img_141_jpg.rf.41bd4238b5f554910103ae7d61d29330.txt,0,e3b0c44298fc1c149afbf4c8996fb92427ae41e4649b934ca495991b7852b855
labels/valid/_img_147_jpg.rf.36fb5ca2785c2d26bce761e765633279.txt,0,e3b0c44298fc1c149afbf4c8996fb92427ae41e4649b934ca495991b7852b855
labels/valid/_img_152_jpg.rf.7445930a707bbc51a631eb0c085b5712.txt,0,e3b0c44298fc1c149afbf4c8996fb92427ae41e4649b934ca495991b7852b855
labels/valid/_img_153_jpg.rf.94d98477ffcc42f0cb4a99e83ada2b08.txt,0,e3b0c44298fc1c149afbf4c8996fb92427ae41e4649b934ca495991b7852b855
labels/valid/_img_157_jpg.rf.6a74f9375060d92aa360aa16878ab5a6.txt,81,f6c1aff1bbce44ebd34cac3e8a53378d772ecc23196b66d3f508f8dffd3dacac
labels/valid/_img_163_jpg.rf.ba03c71f8094c89e8b2b406f017762b5.txt,0,e3b0c44298fc1c149afbf4c8996fb92427ae41e4649b934ca495991b7852b855
labels/valid/_img_164_jpg.rf.5204341e8d6fbb5f0cf279f0db8f43fc.txt,0,e3b0c44298fc1c149afbf4c8996fb92427ae41e4649b934ca495991b7852b855
labels/valid/_img_172_jpg.rf.c54c9512a26e6941cfcb77abb6625503.txt,0,e3b0c44298fc1c149afbf4c8996fb92427ae41e4649b934ca495991b7852b855
labels/valid/_img_193_jpg.rf.8988718b84eb28d7196c459bffd035f1.txt,66,af4be3aa5faaf5bceae895e8f6b0922fededf6179500765233709e95bf4536f0
labels/valid/_img_217_jpg.rf.11d874af90efb236403f573653819ad7.txt,81,155dd70a394bb13a473399717aa4b47a220c8beea6cc263cc355adf0972fd465
labels/valid/_img_223_jpg.rf.4b948f11f870132d17e3afc61ab07a3c.txt,65,41d2162a5bee71dc858cd457b7a6141d145839320d5e7f2d5bb043da90e619f4
labels/valid/_img_225_jpg.rf.ec179606bea60b3b40710c47e87b0c8e.txt,79,63504dee4c2333d3a3cb070222a7123241638e0bc7e7fae44c3cfecf96a7ace0
labels/valid/_img_230_jpg.rf.fa2a557820ccf104aa523bd32b2a1fdf.txt,68,1587af969e53f485f314574741ea5d99b57313bb03e2aa81c80d968c1169576b
labels/valid/_img_233_jpg.rf.557b808874879e520d179ca144161147.txt,37,f3fde516f20f7e16efb6af37390d5956599e1c4ccb7964d0b415b0151ab3c4d9
labels/valid/_img_241_jpg.rf.b0441338bfe2527f9a8f3273f5528708.txt,0,e3b0c44298fc1c149afbf4c8996fb92427ae41e4649b934ca495991b7852b855
labels/valid/_img_247_jpg.rf.7f713c30ee4c45de3f8710dc18501bc7.txt,79,f277c860e73c1e31e1dfa51e0564d3b1c03fab1c268cfa454f6e9113a274dd9a
labels/valid/_img_251_jpg.rf.c52ef72a73aee7a41e9c6a47754cbfd9.txt,71,0be9d78e60ec1314239eee6ba62168467106d24c2f6af1d02e6fc7ced4d692de
labels/valid/_img_255_jpg.rf.fa2b7519fa4f754239a5e575308fcdfa.txt,82,1a2656ed5a479abcf90bc256161fbc40f0083fe9b7a73c45270f08ac255e84b2
labels/valid/_img_268_jpg.rf.dd97939ce0fc20b47ae8f925e1b64c10.txt,0,e3b0c44298fc1c149afbf4c8996fb92427ae41e4649b934ca495991b7852b855
labels/valid/_img_285_jpg.rf.4f8bf099a530fc8eacda22c4bebedfe7.txt,81,11170861679a4d5c9c83b573e94db4289c93d70c7aa941297841a608159d0c44
labels/valid/_img_313_jpg.rf.9a836ab07d106daa7ad59de85d2202e6.txt,0,e3b0c44298fc1c149afbf4c8996fb92427ae41e4649b934ca495991b7852b855
labels/valid/_img_316_jpg.rf.a74685043183a59bb749fa054db86808.txt,69,da6040e098dbfc48a19c7621ecbb174516148c2d3c1dbc1834fb6b1ffa14fb42
labels/valid/_img_321_jpg.rf.d3edb0ad6440a0e4beb45d0864ef18f8.txt,59,a26f32e12f2f7ac4c1b273ba1574e56e77bc9f9779ac816e3539695cf4a61833
labels/valid/_img_327_jpg.rf.fd9a58f5fbeef864a9f70c76b46030bd.txt,79,ed3e8486c0c0a4ddbe46f5374d388acae6ee9c04f1497aa07f89d25400f66725
labels/valid/_img_331_jpg.rf.873d695d8cff5e5cf08d8da07251b59c.txt,0,e3b0c44298fc1c149afbf4c8996fb92427ae41e4649b934ca495991b7852b855
labels/valid/_img_34_jpg.rf.290796fdd0a5c68467bec0dcdb9fbf2e.txt,79,6cbfda682ffc3ce0bcab42726c6730b96e8255516adabe7ec85b92c3f217d49b
labels/valid/_img_358_jpg.rf.2d0f4e3a22ae27acc362704fb40613c4.txt,80,d9124a1292f8861a7d40ff238e01ef014c46da0fe5b9659f67fb930cb6374029
labels/valid/_img_368_jpg.rf.92d9d98ced18d0567304fe8e2502f3b4.txt,68,1b1e72f8fb7223223bd4b0829169b93b71013c34f7f09e3ac15cc319a79307d9
labels/valid/_img_36_jpg.rf.aeaec81ac7fb9406dac155e8c24d2bea.txt,59,4be147796ac24515e767c05e35940de285868fdde03976eacdc4656ae2631ed3
labels/valid/_img_373_jpg.rf.00ade36e1f9b1779f9719625a0abab93.txt,0,e3b0c44298fc1c149afbf4c8996fb92427ae41e4649b934ca495991b7852b855
labels/valid/_img_392_jpg.rf.64c8edd3e38fc0f27d9f256ba674aa20.txt,58,5a043b1a465d4d3d3285d0d8e127750438fc8adbc2ee761fe4ed6bd792643927
labels/valid/_img_397_jpg.rf.dcc21bf6845c1b9d0a15ab6b33fcdf55.txt,81,ec9cfd197c4b24dc943d95fcc805791c55cfe0a2391ae5082851ad91343ef1db
labels/valid/_img_399_jpg.rf.26f505806a516b7418998571fc2c9336.txt,68,97da1d67958312a69db7e0ab9cc049ec6849179711653739633575e9dd268524
labels/valid/_img_403_jpg.rf.5d4c98040d5b5396c24defb26d4bbf42.txt,81,9c6fc0fcdad011a7a0693ddd0f7d857dabb4fc8143b8aa7a488eb6d3bdd80764
labels/valid/_img_407_jpg.rf.06cce73729a5afba697b54a29ced5131.txt,59,401e8a5d64aa1a7c3bd348fe1660af6d20bc55984fc3a26bbaab00d317caeba8
labels/valid/_img_420_jpg.rf.69fc69ca24c72b50c211180c857fefa9.txt,82,29bdb04ddd1c273bc4ccb99b02fea21707c03f4987c63067ec8a9f919d3ab5bb
labels/valid/_img_421_jpg.rf.3430fd4ffbf001eabe0a38ab6077396a.txt,82,29bdb04ddd1c273bc4ccb99b02fea21707c03f4987c63067ec8a9f919d3ab5bb
labels/valid/_img_452_jpg.rf.b8b646950bb8e09ad3f8d60a4ee62540.txt,79,8fdcb192e47eda2ed03623151f24b6daa77344e15281ff8ee9dfb90b6d2f6534
labels/valid/_img_453_jpg.rf.7b5df22f5fc2a6048e46357ab0dc9d9f.txt,79,e51623a0ecada8665350d5fc72ee391407e2aa45616b63de79dbda9aabcbcb74
labels/valid/_img_45_jpg.rf.dd9c9525a4353117c0d9a88779fba6b0.txt,69,d90b74d2ccabfc7dd17eb24b76efa919d7a67ca624f334139fb38772619aa09b
labels/valid/_img_460_jpg.rf.32b9b566b88afc8ef5b9adb36cfbf268.txt,80,b243c6f160ed83dc4205e4fd556ba344c438b0d7d3f7ce26626916ad506692f7
labels/valid/_img_461_jpg.rf.1a7848710a8284e3bca3c48d62c31ac8.txt,71,64860bf5d7327e207bd4ffdf248f6bcc8cb647d5806edbd5c037defeaaeb0eb8
labels/valid/_img_462_jpg.rf.349646c207268ec6bb26e5643f8fca71.txt,81,0e2ea4ed9be7e31bbfb442824eaf7c843217330d9c401cc9badbc2600362a7bb
labels/valid/_img_464_jpg.rf.0f3d9dcbf890dbb843cea5b861867370.txt,79,f5bff5c0eb3e7b45ba601b882070605ea10d2be66badb5881cfccfa6e37b3d09
labels/valid/_img_478_jpg.rf.0183112f8329dd040f886944674f0344.txt,79,fcb87283947616ac8793eef2225ef55d23913c691316d16c75cad9b451f14515
labels/valid/_img_481_jpg.rf.715c336d4af2e31f33b48fac349ac09f.txt,80,0ea69d2a0d02c47faeab2870c5e7fbc9cc29c1fcbd0a5cbe41061ba2e6496983
labels/valid/_img_509_jpg.rf.cf7491e4a2e6d20935c07f5010174fef.txt,69,b291e9d4d619916aedd9b787bdcf0eae6f59927a1f9403ba6c93f817b6c8c5e3
labels/valid/_img_510_jpg.rf.143596fad2883836091c5c188cc29654.txt,69,89d7d4ed1d9911da2ad4dab815ab805af5d82a3c0521c431d306a6a9745d91c1
labels/valid/_img_519_jpg.rf.ac61ba9960e338ad88cf3e3a76ebf04f.txt,54,0449caddd78d912656097b39bf73e4d9b94a3e6a38da509748ff28fd10821ef5
labels/valid/_img_542_jpg.rf.5e7ac4e44667bafb9e90a762464cd696.txt,0,e3b0c44298fc1c149afbf4c8996fb92427ae41e4649b934ca495991b7852b855
labels/valid/_img_555_jpg.rf.b6186f39b04ed6dd335697b5217cbef0.txt,80,5bda9a43831055857455eb2046c5c9f16ebefa1edb7ec5c0c27e3df7f5ebfc17
labels/valid/_img_557_jpg.rf.3b8db5a3b3c3ad98c7b47cebfe117c21.txt,80,995b9cecc0d58445d4fad5f888f4bc2515a9a44380d87c3f6e020501cef21b54
labels/valid/_img_561_jpg.rf.e96341d234522a1601e7bc7f85920e19.txt,81,847a85b9f8d56a98593222453117c272d48deabecf57c4e3c1c7c1a3c2dcc8f3
labels/valid/_img_563_jpg.rf.4a0fde933ac3176a5ff65c1f15c0a284.txt,80,046e33013441b4697d5d703a97bd2a2d40475e017c146ad9a2e7c55f5736a4c4
labels/valid/_img_568_jpg.rf.b6daa4c431a46409b94a12c8ee90b766.txt,81,c915efa51e1c883d79b8dfad0d4f387d62f22dcc075f4e3ccd2638c7e3668c9c
labels/valid/_img_571_jpg.rf.f0c0bc72205fdb1ccf4d1188cd528099.txt,79,400b43c2771fbb42fa37a6042e82d14254cc55a8f225005ab551a1ffdb135907
labels/valid/_img_572_jpg.rf.f9bb65951d5e3de291b04e65bdddfea0.txt,79,f173b144f263bf1937db7aed983cea87b38212ba0425270da4e57fde78bc0fd6
labels/valid/_img_577_jpg.rf.48a7fbaf5c46564615d16270ccadc77c.txt,79,383b5b9769863c9e0bfd32cc418a35dfa9f4b4af640e0138cae8cab1fb083ba5
labels/valid/_img_588_jpg.rf.84a28678c4e6919916636705d18a8bf7.txt,79,55fb20c9b4e9a36bee975092cafdfeaa22a1b4f9cfa3ac633733c32b2ee7af6b
labels/valid/_img_596_jpg.rf.40fddd551b58f72bbf176bf47fc2d564.txt,80,16eaec7b3d6268c6c05f3e9aa5b28d5a6879c770a9973fb6d0b42e9867ac017f
labels/valid/_img_599_jpg.rf.52e0b8e5ef2622b605909105d5d3e387.txt,79,383b5b9769863c9e0bfd32cc418a35dfa9f4b4af640e0138cae8cab1fb083ba5
labels/valid/_img_60_jpg.rf.f2dab9627d6158b7476ad2d2ca19d7df.txt,58,9efdc0b7b0466e6f65902ffbff15bf2446d184ad9d8e6f60a4cb8a63f5f988cf
labels/valid/_img_611_jpg.rf.727b4cd4047e590bce2a74d382f1a2a0.txt,80,9d27a9bb0acba6ffd3c666f6d7e584c9fe7f9f2890d517091184a524624906a4
labels/valid/_img_614_jpg.rf.a427e8708a386ca46903f7d0ba2d5645.txt,70,9267d527de02f957ee7842d227c20305ac1d20be74c9eac6d5344ea08c95e8f8
labels/valid/_img_615_jpg.rf.b97921ec99ea45cfc994e6f88c719d49.txt,79,5656748abfe14f1b74a87c986510c95e1644610936fc0702c2e78287df8f50ca
labels/valid/_img_638_jpg.rf.605ffb4206406763dbee18c54eecc813.txt,79,cc7978fa3bee4e88694e155d450ac291a3f481ac868ef1ce4690952b69021a40
labels/valid/_img_660_jpg.rf.7123a445fc6df602cfe77204c8cf3ea0.txt,66,c2662d91db036c8fcf76c6a696c308e6acf47a31c0067830f82eddb1bbc3b570
labels/valid/_img_663_jpg.rf.ee4c5a1ff9dfabd25306c4d65f7e7992.txt,80,11f9aae668a9c4e254a2c94e90fe0cd93a6ca5e12aff65c78828c22c5fb253fa
labels/valid/_img_669_jpg.rf.879c9363920d760aa70caed2ba708381.txt,79,857cddbfcdd8168359a7e51fa50ce6bb6ebe9b30c2abb653c3e5367d5d6b3bca
labels/valid/_img_677_jpg.rf.72f806a83964b60f6ad5a18b3506f04c.txt,79,513e800e053539be8f25a8e87009ac6e3a1f5ecd93984004665998229d02fae9
labels/valid/_img_76_jpg.rf.f4f466aca75f34a7683ceccea78c7e80.txt,0,e3b0c44298fc1c149afbf4c8996fb92427ae41e4649b934ca495991b7852b855
labels/valid/_img_77_jpg.rf.1d110fb6f13a662536874fef4862d87c.txt,78,365763730df8296c246d8124d701e5c248fd16467274e80f6c88f1d72e23d9ff
labels/valid/_img_82_jpg.rf.2e2a4b13b5c4cc93a9bb0a41276c5819.txt,68,c51d93f23fd92f65324c1cfacc2c3e24f0f856590c13948b504d50f6f2a04ba6
labels/valid/_img_89_jpg.rf.7dee947a9a8310b099a119439a762048.txt,80,bbaa703ed8f72d7ced85f62414cbe4e134993ebe2727d20af0499e21a96ac5a7
labels/valid/_img_92_jpg.rf.12910df3367725c613364775a54350cb.txt,80,bb9268887482e8e3a552c25cfb0c14efba357b1aa8522694f5eb04fe7455a4af
labels/valid/_img_98_jpg.rf.813e25038d1c64c2c600edb917a3e44b.txt,70,342dc219b46c20cd956d89a521ca90ceff0740fdfc14d6616852fd467e594c85
